"gene_id","gene_name","n_signif"
"ENSG00000187608","ISG15",3
"ENSG00000179403","VWA1",2
"ENSG00000160075","SSU72",2
"ENSG00000078369","GNB1",3
"ENSG00000187730","GABRD",3
"ENSG00000067606","PRKCZ",3
"ENSG00000158109","TPRG1L",2
"ENSG00000196581","AJAP1",2
"ENSG00000069424","KCNAB2",3
"ENSG00000116254","CHD5",3
"ENSG00000097021","ACOT7",3
"ENSG00000171735","CAMTA1",2
"ENSG00000049245","VAMP3",2
"ENSG00000116288","PARK7",2
"ENSG00000074800","ENO1",3
"ENSG00000171603","CLSTN1",3
"ENSG00000054523","KIF1B",2
"ENSG00000116661","FBXO2",3
"ENSG00000142634","EFHD2",3
"ENSG00000159363","ATP13A2",3
"ENSG00000117115","PADI2",2
"ENSG00000117154","IGSF21",2
"ENSG00000173436","MINOS1",3
"ENSG00000158747","NBL1",2
"ENSG00000162545","CAMK2N1",3
"ENSG00000158828","PINK1",3
"ENSG00000117245","KIF17",2
"ENSG00000127483","HP1BP3",2
"ENSG00000075151","EIF4G3",3
"ENSG00000076864","RAP1GAP",2
"ENSG00000070831","CDC42",2
"ENSG00000142676","RPL11",3
"ENSG00000169504","CLIC4",2
"ENSG00000117643","MAN1C1",2
"ENSG00000117632","STMN1",3
"ENSG00000158008","EXTL1",2
"ENSG00000198830","HMGN2",3
"ENSG00000158195","WASF2",2
"ENSG00000130770","ATP5IF1",3
"ENSG00000121769","FABP3",3
"ENSG00000121753","ADGRB2",3
"ENSG00000184007","PTP4A2",2
"ENSG00000175130","MARCKSL1",3
"ENSG00000134684","YARS",2
"ENSG00000160097","FNDC5",2
"ENSG00000121905","HPCA",3
"ENSG00000116560","SFPQ",2
"ENSG00000020129","NCDN",3
"ENSG00000197982","C1orf122",2
"ENSG00000168653","NDUFS5",3
"ENSG00000116983","HPCAL4",3
"ENSG00000117016","RIMS3",3
"ENSG00000066136","NFYC",2
"ENSG00000066322","ELOVL1",3
"ENSG00000117408","IPO13",2
"ENSG00000117410","ATP6V0B",3
"ENSG00000142937","RPS8",3
"ENSG00000117450","PRDX1",2
"ENSG00000173660","UQCRH",3
"ENSG00000186160","CYP4Z1",3
"ENSG00000162373","BEND5",3
"ENSG00000162374","ELAVL4",3
"ENSG00000123091","RNF11",3
"ENSG00000085832","EPS15",3
"ENSG00000162378","ZYG11B",2
"ENSG00000116209","TMEM59",3
"ENSG00000157216","SSBP3",3
"ENSG00000116133","DHCR24",3
"ENSG00000116675","DNAJC6",3
"ENSG00000172260","NEGR1",3
"ENSG00000178965","ERICH3",2
"ENSG00000117069","ST6GALNAC5",3
"ENSG00000154027","AK5",3
"ENSG00000180488","MIGA1",2
"ENSG00000137941","TTLL7",3
"ENSG00000142875","PRKACB",2
"ENSG00000117155","SSX2IP",2
"ENSG00000143013","LMO4",3
"ENSG00000197147","LRRC8B",2
"ENSG00000189195","BTBD8",3
"ENSG00000122406","RPL5",2
"ENSG00000117519","CNN3",3
"ENSG00000152078","TMEM56",2
"ENSG00000117600","PLPPR4",3
"ENSG00000162694","EXTL2",2
"ENSG00000170989","S1PR1",2
"ENSG00000162636","FAM102B",2
"ENSG00000031698","SARS",3
"ENSG00000134243","SORT1",3
"ENSG00000168710","AHCYL1",2
"ENSG00000197106","SLC6A17",3
"ENSG00000177301","KCNA2",3
"ENSG00000171385","KCND3",2
"ENSG00000009307","CSDE1",2
"ENSG00000163399","ATP1A1",3
"ENSG00000092621","PHGDH",2
"ENSG00000265972","TXNIP",2
"ENSG00000178104","PDE4DIP",2
"ENSG00000159164","SV2A",3
"ENSG00000143420","ENSA",2
"ENSG00000143418","CERS2",3
"ENSG00000213190","MLLT11",3
"ENSG00000159352","PSMD4",2
"ENSG00000159377","PSMB4",2
"ENSG00000197747","S100A10",3
"ENSG00000163191","S100A11",3
"ENSG00000197956","S100A6",2
"ENSG00000188643","S100A16",3
"ENSG00000189171","S100A13",3
"ENSG00000160678","S100A1",2
"ENSG00000177954","RPS27",3
"ENSG00000169242","EFNA1",3
"ENSG00000185499","MUC1",3
"ENSG00000160753","RUSC1",3
"ENSG00000132718","SYT11",3
"ENSG00000160781","PAQR6",2
"ENSG00000125462","C1orf61",3
"ENSG00000116604","MEF2D",3
"ENSG00000132702","HAPLN2",2
"ENSG00000132692","BCAN",2
"ENSG00000143320","CRABP2",3
"ENSG00000132694","ARHGEF11",2
"ENSG00000162706","CADM3",3
"ENSG00000158716","DUSP23",2
"ENSG00000158710","TAGLN2",3
"ENSG00000177807","KCNJ10",2
"ENSG00000162729","IGSF8",3
"ENSG00000018625","ATP1A2",3
"ENSG00000162734","PEA15",3
"ENSG00000215845","TSTD1",3
"ENSG00000143256","PFDN2",2
"ENSG00000158859","ADAMTS4",3
"ENSG00000158864","NDUFS2",3
"ENSG00000117152","RGS4",3
"ENSG00000143198","MGST3",3
"ENSG00000143158","MPC2",3
"ENSG00000143164","DCAF6",2
"ENSG00000143153","ATP1B1",3
"ENSG00000143156","NME7",2
"ENSG00000075945","KIFAP3",3
"ENSG00000197959","DNM3",2
"ENSG00000116161","CACYBP",3
"ENSG00000135821","GLUL",3
"ENSG00000157064","NMNAT2",2
"ENSG00000162630","B3GALT2",2
"ENSG00000118200","CAMSAP2",2
"ENSG00000159176","CSRP1",2
"ENSG00000134375","TIMM17A",3
"ENSG00000170075","GPR37L1",2
"ENSG00000143862","ARL8A",2
"ENSG00000163485","ADORA1",2
"ENSG00000058668","ATP2B4",2
"ENSG00000143850","PLEKHA6",2
"ENSG00000163531","NFASC",2
"ENSG00000184144","CNTN2",3
"ENSG00000133069","TMCC2",2
"ENSG00000117266","CDK18",3
"ENSG00000174514","MFSD4A",3
"ENSG00000069275","NUCKS1",2
"ENSG00000008118","CAMK1G",3
"ENSG00000123689","G0S2",3
"ENSG00000143473","KCNH1",2
"ENSG00000117691","NENF",3
"ENSG00000143499","SMYD2",3
"ENSG00000162817","C1orf115",3
"ENSG00000196187","TMEM63A",2
"ENSG00000163041","H3F3A",3
"ENSG00000143799","PARP1",2
"ENSG00000143772","ITPKB",2
"ENSG00000143761","ARF1",3
"ENSG00000143774","GUK1",2
"ENSG00000198835","GJC2",2
"ENSG00000168159","RNF187",3
"ENSG00000116574","RHOU",2
"ENSG00000177614","PGBD5",2
"ENSG00000135744","AGT",3
"ENSG00000119280","C1orf198",2
"ENSG00000135750","KCNK1",2
"ENSG00000173726","TOMM20",2
"ENSG00000182901","RGS7",2
"ENSG00000054277","OPN3",2
"ENSG00000117020","AKT3",2
"ENSG00000179456","ZBTB18",3
"ENSG00000186487","MYT1L",3
"ENSG00000115738","ID2",2
"ENSG00000119185","ITGB1BP1",2
"ENSG00000134308","YWHAQ",3
"ENSG00000115756","HPCAL1",3
"ENSG00000162975","KCNF1",3
"ENSG00000134318","ROCK2",2
"ENSG00000162981","FAM84A",3
"ENSG00000079785","DDX1",2
"ENSG00000197872","FAM49A",3
"ENSG00000163032","VSNL1",3
"ENSG00000143878","RHOB",2
"ENSG00000115128","SF3B6",2
"ENSG00000084710","EFR3B",2
"ENSG00000084731","KIF3C",3
"ENSG00000138018","SELENOI",2
"ENSG00000157851","DPYSL5",2
"ENSG00000084764","MAPRE3",3
"ENSG00000115194","SLC30A3",3
"ENSG00000243147","MRPL33",3
"ENSG00000213639","PPP1CB",2
"ENSG00000119801","YPEL5",2
"ENSG00000013016","EHD3",3
"ENSG00000152154","TMEM178A",3
"ENSG00000183023","SLC8A1",2
"ENSG00000138078","PREPL",3
"ENSG00000171132","PRKCE",3
"ENSG00000143933","CALM2",3
"ENSG00000179915","NRXN1",3
"ENSG00000170634","ACYP2",2
"ENSG00000115306","SPTBN1",3
"ENSG00000115310","RTN4",3
"ENSG00000143947","RPS27A",3
"ENSG00000115355","CCDC88A",3
"ENSG00000163001","CFAP36",3
"ENSG00000055813","CCDC85A",2
"ENSG00000119866","BCL11A",2
"ENSG00000014641","MDH1",3
"ENSG00000169764","UGP2",3
"ENSG00000138069","RAB1A",3
"ENSG00000138071","ACTR2",3
"ENSG00000221823","PPP3R1",3
"ENSG00000119865","CNRIP1",3
"ENSG00000115977","AAK1",3
"ENSG00000169564","PCBP1",2
"ENSG00000075340","ADD2",3
"ENSG00000124374","PAIP2B",2
"ENSG00000144040","SFXN5",3
"ENSG00000204843","DCTN1",3
"ENSG00000176204","LRRTM4",3
"ENSG00000066032","CTNNA2",3
"ENSG00000162951","LRRTM1",2
"ENSG00000034510","TMSB10",3
"ENSG00000176407","KCMF1",2
"ENSG00000211592","IGKC",3
"ENSG00000172005","MAL",3
"ENSG00000084090","STARD7",2
"ENSG00000135940","COX5B",3
"ENSG00000115073","ACTR1B",2
"ENSG00000040933","INPP4A",3
"ENSG00000196872","KIAA1211L",3
"ENSG00000170500","LONRF2",3
"ENSG00000170485","NPAS2",2
"ENSG00000071082","RPL31",2
"ENSG00000175874","CREG2",3
"ENSG00000071054","MAP4K4",2
"ENSG00000198914","POU3F3",2
"ENSG00000175701","SMIM37",3
"ENSG00000144136","SLC20A1",2
"ENSG00000144119","C1QL2",3
"ENSG00000155368","DBI",2
"ENSG00000136717","BIN1",3
"ENSG00000136720","HS6ST1",3
"ENSG00000152082","MZT2B",2
"ENSG00000115762","PLEKHB2",3
"ENSG00000048991","R3HDM1",3
"ENSG00000169554","ZEB2",2
"ENSG00000168280","KIF5C",3
"ENSG00000157827","FMNL2",3
"ENSG00000136541","ERMN",3
"ENSG00000144283","PKP4",2
"ENSG00000136535","TBR1",3
"ENSG00000144290","SLC4A10",3
"ENSG00000136531","SCN2A",2
"ENSG00000178662","CSRNP3",2
"ENSG00000144285","SCN1A",3
"ENSG00000198648","STK39",2
"ENSG00000128683","GAD1",2
"ENSG00000077380","DYNC1I2",2
"ENSG00000091428","RAPGEF4",2
"ENSG00000138430","OLA1",3
"ENSG00000128656","CHN1",3
"ENSG00000154518","ATP5MC3",3
"ENSG00000116044","NFE2L2",2
"ENSG00000138434","SSFA2",3
"ENSG00000115252","PDE1A",2
"ENSG00000061676","NCKAP1",3
"ENSG00000144369","FAM171B",3
"ENSG00000168542","COL3A1",3
"ENSG00000204262","COL5A2",2
"ENSG00000115419","GLS",3
"ENSG00000144339","TMEFF2",2
"ENSG00000196950","SLC39A10",3
"ENSG00000144381","HSPD1",2
"ENSG00000115896","PLCL1",2
"ENSG00000119042","SATB2",3
"ENSG00000119013","NDUFB3",2
"ENSG00000116030","SUMO1",2
"ENSG00000114948","ADAM23",2
"ENSG00000188674","C2orf80",3
"ENSG00000078018","MAP2",3
"ENSG00000115365","LANCL1",2
"ENSG00000115414","FN1",3
"ENSG00000197756","RPL37A",3
"ENSG00000115457","IGFBP2",2
"ENSG00000115461","IGFBP5",3
"ENSG00000079308","TNS1",2
"ENSG00000163466","ARPC2",2
"ENSG00000127838","PNKD",2
"ENSG00000171450","CDK5R2",3
"ENSG00000144567","RETREG2",3
"ENSG00000127824","TUBA4A",3
"ENSG00000135924","DNAJB2",2
"ENSG00000054356","PTPRN",3
"ENSG00000116106","EPHA4",3
"ENSG00000123983","ACSL3",3
"ENSG00000171951","SCG2",3
"ENSG00000135919","SERPINE2",3
"ENSG00000187957","DNER",3
"ENSG00000135932","CAB39",3
"ENSG00000135916","ITM2C",3
"ENSG00000187514","PTMA",3
"ENSG00000115468","EFHD1",3
"ENSG00000182600","SNORC",3
"ENSG00000066248","NGEF",3
"ENSG00000198612","COPS8",3
"ENSG00000115648","MLPH",3
"ENSG00000172428","COPS9",3
"ENSG00000130294","KIF1A",3
"ENSG00000115685","PPP1R7",2
"ENSG00000168385","SEPT2",2
"ENSG00000176720","BOK",2
"ENSG00000134121","CHL1",3
"ENSG00000150995","ITPR1",3
"ENSG00000254999","BRK1",2
"ENSG00000157087","ATP2B2",3
"ENSG00000157103","SLC6A1",2
"ENSG00000157152","SYN2",3
"ENSG00000144713","RPL32",3
"ENSG00000144711","IQSEC1",2
"ENSG00000182568","SATB1",3
"ENSG00000174748","RPL15",2
"ENSG00000151090","THRB",2
"ENSG00000153558","FBXL2",3
"ENSG00000163539","CLASP2",2
"ENSG00000172995","ARPP21",3
"ENSG00000168314","MOBP",3
"ENSG00000170011","MYRIP",2
"ENSG00000114784","EIF1B",2
"ENSG00000188846","RPL14",3
"ENSG00000168036","CTNNB1",2
"ENSG00000187094","CCK",3
"ENSG00000012223","LTF",3
"ENSG00000047849","MAP4",3
"ENSG00000164050","PLXNB1",2
"ENSG00000232112","TMA7",3
"ENSG00000010256","UQCRC1",3
"ENSG00000213672","NCKIPSD",2
"ENSG00000178467","P4HTM",2
"ENSG00000164061","BSN",3
"ENSG00000164076","CAMKV",3
"ENSG00000012171","SEMA3B",2
"ENSG00000114383","TUSC2",2
"ENSG00000090097","PCBP4",2
"ENSG00000248487","ABHD14A",3
"ENSG00000162244","RPL29",3
"ENSG00000010322","NISCH",2
"ENSG00000168297","PXK",2
"ENSG00000168309","FAM107A",3
"ENSG00000163618","CADPS",3
"ENSG00000163630","SYNPR",3
"ENSG00000144749","LRIG1",2
"ENSG00000183662","FAM19A1",2
"ENSG00000144746","ARL6IP5",3
"ENSG00000175161","CADM2",3
"ENSG00000269028","MTRNR2L12",3
"ENSG00000080822","CLDND1",3
"ENSG00000196776","CD47",2
"ENSG00000144834","TAGLN3",3
"ENSG00000114573","ATP6V1A",3
"ENSG00000172020","GAP43",3
"ENSG00000138495","COX17",2
"ENSG00000065518","NDUFB4",2
"ENSG00000145087","STXBP5L",2
"ENSG00000160145","KALRN",3
"ENSG00000114631","PODXL2",2
"ENSG00000074416","MGLL",2
"ENSG00000075785","RAB7A",2
"ENSG00000017260","ATP2C1",2
"ENSG00000196353","CPNE4",3
"ENSG00000091513","TF",3
"ENSG00000154917","RAB6B",3
"ENSG00000114019","AMOTL2",2
"ENSG00000158258","CLSTN2",3
"ENSG00000153002","CPB1",3
"ENSG00000082996","RNF13",2
"ENSG00000070087","PFN2",3
"ENSG00000169282","KCNAB1",3
"ENSG00000180044","C3orf80",2
"ENSG00000163536","SERPINI1",3
"ENSG00000008952","SEC62",3
"ENSG00000013297","CLDN11",3
"ENSG00000121858","TNFSF10",3
"ENSG00000144959","NCEH1",3
"ENSG00000136521","NDUFB5",2
"ENSG00000114757","PEX5L",3
"ENSG00000161203","AP2M1",3
"ENSG00000175166","PSMD2",2
"ENSG00000175182","FAM131A",3
"ENSG00000156976","EIF4A2",3
"ENSG00000157005","SST",3
"ENSG00000114279","FGF12",3
"ENSG00000198836","OPA1",2
"ENSG00000189058","APOD",3
"ENSG00000075711","DLG1",2
"ENSG00000182899","RPL35A",2
"ENSG00000169020","ATP5ME",3
"ENSG00000168993","CPLX1",3
"ENSG00000159692","CTBP1",3
"ENSG00000243449","C4orf48",3
"ENSG00000185818","NAT8L",3
"ENSG00000159788","RGS12",2
"ENSG00000163956","LRPAP1",3
"ENSG00000168824","NSG1",3
"ENSG00000072832","CRMP1",3
"ENSG00000152969","JAKMIP1",2
"ENSG00000074211","PPP2R2C",3
"ENSG00000179010","MRFAP1",2
"ENSG00000163993","S100P",3
"ENSG00000169744","LDB2",3
"ENSG00000151552","QDPR",3
"ENSG00000185774","KCNIP4",3
"ENSG00000168214","RBPJ",2
"ENSG00000169851","PCDH7",3
"ENSG00000163682","RPL9",2
"ENSG00000154277","UCHL1",3
"ENSG00000064042","LIMCH1",2
"ENSG00000124406","ATP8A1",2
"ENSG00000109180","OCIAD1",3
"ENSG00000109184","DCUN1D4",2
"ENSG00000163069","SGCB",2
"ENSG00000109189","USP46",3
"ENSG00000072201","LNX1",3
"ENSG00000171476","HOPX",3
"ENSG00000163453","IGFBP7",3
"ENSG00000132465","JCHAIN",3
"ENSG00000169116","PARM1",3
"ENSG00000138757","G3BP2",3
"ENSG00000138760","SCARB2",2
"ENSG00000118816","CCNI",3
"ENSG00000152784","PRDM8",3
"ENSG00000152795","HNRNPDL",3
"ENSG00000145293","ENOPH1",2
"ENSG00000145284","SCD5",3
"ENSG00000163319","MRPS18C",2
"ENSG00000163624","CDS1",2
"ENSG00000109339","MAPK10",3
"ENSG00000152583","SPARCL1",3
"ENSG00000118785","SPP1",3
"ENSG00000177432","NAP1L5",3
"ENSG00000145335","SNCA",3
"ENSG00000138696","BMPR1B",2
"ENSG00000138698","RAP1GDS1",2
"ENSG00000196616","ADH1B",3
"ENSG00000164032","H2AFZ",2
"ENSG00000138814","PPP3CA",3
"ENSG00000138777","PPA2",2
"ENSG00000138801","PAPSS1",2
"ENSG00000109475","RPL34",3
"ENSG00000145362","ANK2",3
"ENSG00000145349","CAMK2D",3
"ENSG00000174607","UGT8",2
"ENSG00000164111","ANXA5",2
"ENSG00000138650","PCDH10",2
"ENSG00000109390","NDUFC1",2
"ENSG00000153130","SCOC",3
"ENSG00000145425","RPS3A",3
"ENSG00000109670","FBXW7",3
"ENSG00000109654","TRIM2",3
"ENSG00000164114","MAP9",2
"ENSG00000061918","GUCY1B1",3
"ENSG00000109738","GLRB",3
"ENSG00000120251","GRIA2",3
"ENSG00000164124","TMEM144",3
"ENSG00000109472","CPE",3
"ENSG00000196104","SPOCK3",2
"ENSG00000164104","HMGB2",2
"ENSG00000164106","SCRG1",3
"ENSG00000150625","GPM6A",3
"ENSG00000151726","ACSL1",3
"ENSG00000151729","SLC25A4",3
"ENSG00000154556","SORBS2",2
"ENSG00000171368","TPPP",3
"ENSG00000215218","UBE2QL1",2
"ENSG00000078295","ADCY2",2
"ENSG00000145495","MARCH6",3
"ENSG00000154153","RETREG1",3
"ENSG00000176788","BASP1",3
"ENSG00000133401","PDZD2",3
"ENSG00000113387","SUB1",3
"ENSG00000079215","SLC1A3",3
"ENSG00000145592","RPL37",3
"ENSG00000083720","OXCT1",3
"ENSG00000250722","SELENOP",3
"ENSG00000112972","HMGCS1",3
"ENSG00000164588","HCN1",3
"ENSG00000134352","IL6ST",2
"ENSG00000152932","RAB3C",3
"ENSG00000113595","TRIM23",2
"ENSG00000197860","SGTB",3
"ENSG00000145675","PIK3R1",3
"ENSG00000134056","MRPS36",3
"ENSG00000164326","CARTPT",3
"ENSG00000131711","MAP1B",3
"ENSG00000171617","ENC1",3
"ENSG00000113161","HMGCR",2
"ENSG00000152413","HOMER1",3
"ENSG00000113319","RASGRF2",3
"ENSG00000186468","RPS23",3
"ENSG00000164176","EDIL3",3
"ENSG00000127184","COX7C",3
"ENSG00000081189","MEF2C",3
"ENSG00000237187","NR2F1-AS1",2
"ENSG00000175426","PCSK1",3
"ENSG00000145730","PAM",3
"ENSG00000198961","PJA2",3
"ENSG00000112893","MAN2A1",2
"ENSG00000164209","SLC25A46",2
"ENSG00000152495","CAMK4",3
"ENSG00000134986","NREP",3
"ENSG00000129625","REEP5",3
"ENSG00000064651","SLC12A2",2
"ENSG00000169567","HINT1",3
"ENSG00000164398","ACSL6",3
"ENSG00000131437","KIF3A",3
"ENSG00000164402","SEPT8",2
"ENSG00000198944","SOWAHA",3
"ENSG00000164403","SHROOM1",3
"ENSG00000164405","UQCRQ",3
"ENSG00000213585","VDAC1",3
"ENSG00000113558","SKP1",2
"ENSG00000113575","PPP2CA",3
"ENSG00000119048","UBE2B",2
"ENSG00000237190","CDKN2AIPNL",2
"ENSG00000145824","CXCL14",3
"ENSG00000152377","SPOCK1",3
"ENSG00000177733","HNRNPA0",2
"ENSG00000132563","REEP2",3
"ENSG00000044115","CTNNA1",2
"ENSG00000120727","PAIP2",2
"ENSG00000170445","HARS",3
"ENSG00000146007","ZMAT2",2
"ENSG00000131507","NDFIP1",3
"ENSG00000113578","FGF1",3
"ENSG00000183775","KCTD16",2
"ENSG00000156475","PPP2R2B",2
"ENSG00000070808","CAMK2A",3
"ENSG00000019582","CD74",3
"ENSG00000164587","RPS14",3
"ENSG00000070614","NDST1",2
"ENSG00000171992","SYNPO",2
"ENSG00000211445","GPX3",3
"ENSG00000197043","ANXA6",3
"ENSG00000113140","SPARC",3
"ENSG00000155511","GRIA1",3
"ENSG00000155506","LARP1",3
"ENSG00000170271","FAXDC2",2
"ENSG00000055163","CYFIP2",3
"ENSG00000164609","SLU7",2
"ENSG00000145864","GABRB2",3
"ENSG00000022355","GABRA1",3
"ENSG00000113327","GABRG2",3
"ENSG00000038274","MAT2B",2
"ENSG00000145934","TENM2",2
"ENSG00000170091","NSG2",3
"ENSG00000145920","CPLX2",3
"ENSG00000175416","CLTB",3
"ENSG00000074317","SNCB",3
"ENSG00000113763","UNC5A",2
"ENSG00000113758","DBN1",2
"ENSG00000127022","CANX",2
"ENSG00000113269","RNF130",2
"ENSG00000050748","MAPK9",3
"ENSG00000204628","RACK1",3
"ENSG00000137267","TUBB2A",3
"ENSG00000137285","TUBB2B",2
"ENSG00000124785","NRN1",3
"ENSG00000224531","SMIM13",2
"ENSG00000112137","PHACTR1",3
"ENSG00000145990","GFOD1",2
"ENSG00000112186","CAP2",3
"ENSG00000152954","NRSN1",3
"ENSG00000204681","GABBR1",3
"ENSG00000204655","MOG",3
"ENSG00000206503","HLA-A",3
"ENSG00000204592","HLA-E",2
"ENSG00000196230","TUBB",3
"ENSG00000204580","DDR1",2
"ENSG00000204525","HLA-C",3
"ENSG00000234745","HLA-B",3
"ENSG00000213760","ATP6V1G2",3
"ENSG00000213719","CLIC1",2
"ENSG00000204389","HSPA1A",3
"ENSG00000204314","PRRT1",3
"ENSG00000204287","HLA-DRA",3
"ENSG00000196126","HLA-DRB1",3
"ENSG00000231500","RPS18",3
"ENSG00000112514","CUTA",2
"ENSG00000124614","RPS10",2
"ENSG00000124507","PACSIN1",3
"ENSG00000124664","SPDEF",3
"ENSG00000198755","RPL10A",3
"ENSG00000124772","CPNE5",3
"ENSG00000137409","MTCH1",3
"ENSG00000146122","DAAM2",2
"ENSG00000124702","KLHDC3",3
"ENSG00000096384","HSP90AB1",3
"ENSG00000178233","TMEM151B",3
"ENSG00000172348","RCAN2",3
"ENSG00000170915","PAQR8",2
"ENSG00000096092","TMEM14A",2
"ENSG00000112146","FBXO9",3
"ENSG00000151914","DST",2
"ENSG00000168216","LMBRD1",2
"ENSG00000119900","OGFRL1",2
"ENSG00000185760","KCNQ5",3
"ENSG00000156508","EEF1A1",3
"ENSG00000112695","COX7A2",3
"ENSG00000112697","TMEM30A",2
"ENSG00000198478","SH3BGRL2",2
"ENSG00000146242","TPBG",3
"ENSG00000065609","SNAP91",3
"ENSG00000118432","CNR1",2
"ENSG00000272398","CD24",3
"ENSG00000112335","SNX3",3
"ENSG00000112290","WASF1",3
"ENSG00000277443","MARCKS",3
"ENSG00000187189","TSPYL4",3
"ENSG00000189241","TSPYL1",3
"ENSG00000196376","SLC35F1",2
"ENSG00000152661","GJA1",3
"ENSG00000111897","SERINC1",3
"ENSG00000164434","FABP7",3
"ENSG00000188580","NKAIN2",2
"ENSG00000111912","NCOA7",2
"ENSG00000152894","PTPRK",2
"ENSG00000079819","EPB41L2",3
"ENSG00000118523","CTGF",3
"ENSG00000112306","RPS12",3
"ENSG00000118515","SGK1",2
"ENSG00000135525","MAP7",2
"ENSG00000164442","CITED2",2
"ENSG00000164506","STXBP5",2
"ENSG00000120265","PCMT1",3
"ENSG00000120256","LRP11",2
"ENSG00000131016","AKAP12",2
"ENSG00000091831","ESR1",3
"ENSG00000131018","SYNE1",2
"ENSG00000146469","VIP",3
"ENSG00000074706","IPCEF1",3
"ENSG00000078269","SYNJ2",2
"ENSG00000130338","TULP4",2
"ENSG00000146425","DYNLT1",2
"ENSG00000092820","EZR",2
"ENSG00000112531","QKI",3
"ENSG00000176381","PRR18",2
"ENSG00000197461","PDGFA",2
"ENSG00000188191","PRKAR1B",3
"ENSG00000105963","ADAP1",2
"ENSG00000075624","ACTB",3
"ENSG00000075618","FSCN1",2
"ENSG00000136238","RAC1",3
"ENSG00000189043","NDUFA4",3
"ENSG00000006468","ETV1",2
"ENSG00000136267","DGKB",3
"ENSG00000106537","TSPAN13",2
"ENSG00000106541","AGR2",3
"ENSG00000173467","AGR3",3
"ENSG00000105855","ITGB8",2
"ENSG00000136237","RAPGEF5",3
"ENSG00000196683","TOMM7",3
"ENSG00000122585","NPY",3
"ENSG00000172115","CYCS",3
"ENSG00000122566","HNRNPA2B1",2
"ENSG00000086300","SNX10",3
"ENSG00000153814","JAZF1",2
"ENSG00000136193","SCRN1",3
"ENSG00000180354","MTURN",3
"ENSG00000240583","AQP1",3
"ENSG00000164600","NEUROD6",3
"ENSG00000154678","PDE1C",2
"ENSG00000173852","DPY19L1",3
"ENSG00000122545","SEPT7",3
"ENSG00000011426","ANLN",3
"ENSG00000155849","ELMO1",2
"ENSG00000086289","EPDR1",3
"ENSG00000078053","AMPH",3
"ENSG00000106624","AEBP1",2
"ENSG00000058404","CAMK2B",3
"ENSG00000015676","NUDCD3",3
"ENSG00000196262","PPIA",3
"ENSG00000164742","ADCY1",3
"ENSG00000106078","COBL",3
"ENSG00000170419","VSTM2A",3
"ENSG00000132432","SEC61G",3
"ENSG00000106153","CHCHD2",2
"ENSG00000126524","SBDS",2
"ENSG00000185274","GALNT17",3
"ENSG00000106089","STX1A",3
"ENSG00000106683","LIMK1",2
"ENSG00000106682","EIF4H",3
"ENSG00000263001","GTF2I",3
"ENSG00000005486","RHBDD2",3
"ENSG00000146701","MDH2",2
"ENSG00000106211","HSPB1",3
"ENSG00000170027","YWHAG",3
"ENSG00000127955","GNAI1",2
"ENSG00000186472","PCLO",2
"ENSG00000198822","GRM3",3
"ENSG00000157214","STEAP2",2
"ENSG00000058091","CDK14",3
"ENSG00000164692","COL1A2",3
"ENSG00000158560","DYNC1I1",3
"ENSG00000070669","ASNS",2
"ENSG00000164715","LMTK2",2
"ENSG00000106236","NPTX2",3
"ENSG00000166448","TMEM130",3
"ENSG00000241468","ATP5MF",3
"ENSG00000160862","AZGP1",3
"ENSG00000166925","TSC22D4",2
"ENSG00000106367","AP1S1",3
"ENSG00000128564","VGF",3
"ENSG00000214253","FIS1",2
"ENSG00000233123","LINC01007",3
"ENSG00000189056","RELN",3
"ENSG00000135250","SRPK2",2
"ENSG00000008282","SYPL1",2
"ENSG00000005249","PRKAR2B",3
"ENSG00000172209","GPR22",2
"ENSG00000075790","BCAP29",2
"ENSG00000233705","SLC26A4-AS1",3
"ENSG00000091129","NRCAM",3
"ENSG00000198898","CAPZA2",2
"ENSG00000196937","FAM3C",3
"ENSG00000081803","CADPS2",3
"ENSG00000128609","NDUFA5",3
"ENSG00000170775","GPR37",2
"ENSG00000004059","ARF5",3
"ENSG00000128596","CCDC136",2
"ENSG00000128524","ATP6V1F",3
"ENSG00000085662","AKR1B1",2
"ENSG00000105887","MTPN",3
"ENSG00000105894","PTN",3
"ENSG00000236279","CLEC2L",2
"ENSG00000064393","HIPK2",2
"ENSG00000133606","MKRN1",2
"ENSG00000090266","NDUFB2",3
"ENSG00000261115","TMEM178B",2
"ENSG00000106123","EPHB6",3
"ENSG00000159763","PIP",3
"ENSG00000159784","FAM131B",2
"ENSG00000198420","TCAF1",3
"ENSG00000174469","CNTNAP2",3
"ENSG00000171130","ATP6V0E2",3
"ENSG00000106538","RARRES2",2
"ENSG00000164885","CDK5",3
"ENSG00000106615","RHEB",2
"ENSG00000239911","PRKAG2-AS1",2
"ENSG00000133627","ACTR3B",3
"ENSG00000130226","DPP6",3
"ENSG00000105993","DNAJB6",3
"ENSG00000155093","PTPRN2",3
"ENSG00000169100","SLC25A6",2
"ENSG00000002586","CD99",2
"ENSG00000073464","CLCN4",2
"ENSG00000205542","TMSB4X",3
"ENSG00000046653","GPM6B",3
"ENSG00000182287","AP1S2",2
"ENSG00000008086","CDKL5",2
"ENSG00000184368","MAP7D2",3
"ENSG00000149970","CNKSR2",3
"ENSG00000004848","ARX",2
"ENSG00000165169","DYNLT3",3
"ENSG00000156298","TSPAN7",3
"ENSG00000165175","MID1IP1",2
"ENSG00000182220","ATP6AP2",3
"ENSG00000130985","UBA1",2
"ENSG00000102226","USP11",3
"ENSG00000008056","SYN1",3
"ENSG00000102265","TIMP1",3
"ENSG00000102109","PCSK1N",3
"ENSG00000102003","SYP",3
"ENSG00000179222","MAGED1",2
"ENSG00000184205","TSPYL2",2
"ENSG00000181191","PJA1",2
"ENSG00000147162","OGT",2
"ENSG00000198034","RPS4X",3
"ENSG00000186462","NAP1L2",3
"ENSG00000131174","COX7B",3
"ENSG00000102144","PGK1",3
"ENSG00000186310","NAP1L3",3
"ENSG00000241343","RPL36A",3
"ENSG00000184905","TCEAL2",3
"ENSG00000204071","TCEAL6",2
"ENSG00000184515","BEX5",3
"ENSG00000198932","GPRASP1",3
"ENSG00000158301","GPRASP2",3
"ENSG00000133169","BEX1",3
"ENSG00000102409","BEX4",3
"ENSG00000133134","BEX2",3
"ENSG00000182916","TCEAL7",2
"ENSG00000166681","BEX3",3
"ENSG00000133142","TCEAL4",2
"ENSG00000123562","MORF4L2",3
"ENSG00000123560","PLP1",3
"ENSG00000077264","PAK3",2
"ENSG00000174460","ZCCHC12",2
"ENSG00000005022","SLC25A5",2
"ENSG00000125356","NDUFA1",3
"ENSG00000005893","LAMP2",2
"ENSG00000125675","GRIA3",2
"ENSG00000188706","ZDHHC9",2
"ENSG00000165704","HPRT1",3
"ENSG00000134590","RTL8C",3
"ENSG00000198689","SLC9A6",2
"ENSG00000129682","FGF13",2
"ENSG00000281508","AL078639.1",3
"ENSG00000010404","IDS",3
"ENSG00000102181","CD99L2",2
"ENSG00000183837","PNMA3",2
"ENSG00000182492","BGN",2
"ENSG00000130822","PNCK",3
"ENSG00000067829","IDH3G",2
"ENSG00000067840","PDZD4",2
"ENSG00000198910","L1CAM",2
"ENSG00000147403","RPL10",3
"ENSG00000071553","ATP6AP1",3
"ENSG00000203879","GDI1",2
"ENSG00000196976","LAGE3",2
"ENSG00000253230","LINC00599",2
"ENSG00000079459","FDFT1",2
"ENSG00000164733","CTSB",2
"ENSG00000129422","MTUS1",2
"ENSG00000156011","PSD3",3
"ENSG00000175445","LPL",3
"ENSG00000147416","ATP6V1B2",3
"ENSG00000061337","LZTS1",3
"ENSG00000168546","GFRA2",2
"ENSG00000158806","NPM2",2
"ENSG00000158856","DMTN",3
"ENSG00000168481","LGI3",3
"ENSG00000168490","PHYHIP",3
"ENSG00000179388","EGR3",3
"ENSG00000104722","NEFM",3
"ENSG00000277586","NEFL",3
"ENSG00000240694","PNMA2",3
"ENSG00000092964","DPYSL2",3
"ENSG00000015592","STMN4",3
"ENSG00000120899","PTK2B",3
"ENSG00000120885","CLU",3
"ENSG00000133872","SARAF",3
"ENSG00000104695","PPP2CB",2
"ENSG00000183779","ZNF703",2
"ENSG00000085788","DDHD2",3
"ENSG00000147526","TACC1",2
"ENSG00000169499","PLEKHA2",2
"ENSG00000147533","GOLGA7",2
"ENSG00000078668","VDAC3",2
"ENSG00000168522","FNTA",2
"ENSG00000169139","UBE2V2",3
"ENSG00000047249","ATP6V1H",3
"ENSG00000137547","MRPL15",2
"ENSG00000008988","RPS20",2
"ENSG00000181195","PENK",2
"ENSG00000104388","RAB2A",2
"ENSG00000198363","ASPH",2
"ENSG00000147571","CRH",2
"ENSG00000169085","VXN",2
"ENSG00000147604","RPL7",2
"ENSG00000171033","PKIA",2
"ENSG00000104435","STMN2",3
"ENSG00000147588","PMP2",2
"ENSG00000170323","FABP4",3
"ENSG00000184672","RALYL",2
"ENSG00000104267","CA2",2
"ENSG00000123124","WWP1",2
"ENSG00000104327","CALB1",3
"ENSG00000123119","NECAB1",3
"ENSG00000164951","PDP1",3
"ENSG00000156467","UQCRB",3
"ENSG00000156482","RPL30",3
"ENSG00000164919","COX6C",3
"ENSG00000147669","POLR2K",2
"ENSG00000186106","ANKRD46",2
"ENSG00000164924","YWHAZ",3
"ENSG00000104490","NCALD",3
"ENSG00000155097","ATP6V1C1",3
"ENSG00000164929","BAALC",3
"ENSG00000164830","OXR1",3
"ENSG00000147642","SYBU",3
"ENSG00000164794","KCNV1",3
"ENSG00000147676","MAL2",3
"ENSG00000136960","ENPP2",3
"ENSG00000164983","TMEM65",2
"ENSG00000147684","NDUFB9",3
"ENSG00000132294","EFR3A",3
"ENSG00000104419","NDRG1",2
"ENSG00000181790","ADGRB1",2
"ENSG00000180155","LYNX1",2
"ENSG00000160932","LY6E",2
"ENSG00000176956","LY6H",3
"ENSG00000104529","EEF1D",3
"ENSG00000178719","GRINA",3
"ENSG00000179091","CYC1",2
"ENSG00000261678","SCRT1",3
"ENSG00000161016","RPL8",3
"ENSG00000080503","SMARCA2",3
"ENSG00000153707","PTPRD",2
"ENSG00000107295","SH3GL2",3
"ENSG00000155876","RRAGA",3
"ENSG00000137154","RPS6",3
"ENSG00000155886","SLC24A2",3
"ENSG00000107105","ELAVL2",3
"ENSG00000165264","NDUFB6",2
"ENSG00000086061","DNAJA1",3
"ENSG00000010438","PRSS3",2
"ENSG00000168913","ENHO",2
"ENSG00000137100","DCTN3",2
"ENSG00000187186","AL162231.1",3
"ENSG00000122733","PHF24",3
"ENSG00000122705","CLTA",2
"ENSG00000107242","PIP5K1B",2
"ENSG00000107362","ABHD17B",2
"ENSG00000119125","GDA",2
"ENSG00000107372","ZFAND5",3
"ENSG00000198963","RORB",3
"ENSG00000135002","RFK",3
"ENSG00000106772","PRUNE2",3
"ENSG00000156052","GNAQ",2
"ENSG00000135069","PSAT1",2
"ENSG00000106829","TLE4",2
"ENSG00000135018","UBQLN1",2
"ENSG00000148053","NTRK2",3
"ENSG00000196730","DAPK1",2
"ENSG00000106723","SPIN1",3
"ENSG00000148082","SHC3",2
"ENSG00000187764","SEMA4D",2
"ENSG00000165023","DIRAS2",3
"ENSG00000130956","HABP4",2
"ENSG00000136842","TMOD1",2
"ENSG00000136938","ANP32B",2
"ENSG00000136928","GABBR2",3
"ENSG00000148123","PLPPR1",2
"ENSG00000165152","TMEM246",2
"ENSG00000070214","SLC44A1",2
"ENSG00000260230","FRRS1L",3
"ENSG00000136810","TXN",2
"ENSG00000198121","LPAR1",3
"ENSG00000148154","UGCG",2
"ENSG00000078725","BRINP1",2
"ENSG00000148180","GSN",3
"ENSG00000136950","ARPC5L",3
"ENSG00000196814","MVB12B",2
"ENSG00000197958","RPL12",3
"ENSG00000136854","STXBP1",3
"ENSG00000167106","FAM102A",2
"ENSG00000171159","C9orf16",3
"ENSG00000106976","DNM1",3
"ENSG00000167123","CERCAM",2
"ENSG00000197694","SPTAN1",3
"ENSG00000187239","FNBP1",2
"ENSG00000107130","NCS1",3
"ENSG00000130707","ASS1",2
"ENSG00000126878","AIF1L",2
"ENSG00000130558","OLFM1",3
"ENSG00000172889","EGFL7",2
"ENSG00000244187","TMEM141",2
"ENSG00000107317","PTGDS",3
"ENSG00000107331","ABCA2",2
"ENSG00000107281","NPDC1",2
"ENSG00000176884","GRIN1",3
"ENSG00000176058","TPRN",3
"ENSG00000212864","RNF208",3
"ENSG00000188229","TUBB4B",3
"ENSG00000165802","NSMF",2
"ENSG00000182154","MRPL41",2
"ENSG00000185201","IFITM2",2
"ENSG00000142089","IFITM3",3
"ENSG00000023191","RNH1",2
"ENSG00000177156","TALDO1",3
"ENSG00000184524","CEND1",3
"ENSG00000177542","SLC25A22",2
"ENSG00000177600","RPLP2",3
"ENSG00000177697","CD151",2
"ENSG00000177700","POLR2L",2
"ENSG00000078902","TOLLIP",3
"ENSG00000117984","CTSD",3
"ENSG00000110651","CD81",3
"ENSG00000129757","CDKN1C",2
"ENSG00000177105","RHOG",2
"ENSG00000244734","HBB",3
"ENSG00000166313","APBB1",3
"ENSG00000175356","SCUBE2",3
"ENSG00000184014","DENND5A",2
"ENSG00000110315","RNF141",2
"ENSG00000110321","EIF4G2",3
"ENSG00000050165","DKK3",3
"ENSG00000133816","MICAL2",3
"ENSG00000148925","BTBD10",3
"ENSG00000110700","RPS13",3
"ENSG00000129159","KCNC1",3
"ENSG00000134339","SAA2",3
"ENSG00000173432","SAA1",3
"ENSG00000134333","LDHA",3
"ENSG00000110786","PTPN5",2
"ENSG00000165973","NELL1",3
"ENSG00000198168","SVIP",2
"ENSG00000049449","RCN1",2
"ENSG00000110427","KIAA1549L",3
"ENSG00000121691","CAT",2
"ENSG00000110436","SLC1A2",3
"ENSG00000019505","SYT13",2
"ENSG00000175264","CHST1",2
"ENSG00000149091","DGKZ",2
"ENSG00000110514","MADD",3
"ENSG00000172247","C1QTNF4",3
"ENSG00000186907","RTN4RL2",3
"ENSG00000211450","SELENOH",3
"ENSG00000110107","PRPF19",2
"ENSG00000006118","TMEM132A",2
"ENSG00000011347","SYT7",3
"ENSG00000124920","MYRF",3
"ENSG00000167996","FTH1",3
"ENSG00000124939","SCGB2A1",3
"ENSG00000124935","SCGB1D2",3
"ENSG00000110484","SCGB2A2",3
"ENSG00000124942","AHNAK",2
"ENSG00000162188","GNG3",3
"ENSG00000168539","CHRM1",3
"ENSG00000133321","RARRES3",3
"ENSG00000176485","PLA2G16",3
"ENSG00000133318","RTN3",3
"ENSG00000176340","COX8A",3
"ENSG00000167770","OTUB1",3
"ENSG00000002330","BAD",2
"ENSG00000126432","PRDX5",3
"ENSG00000110076","NRXN2",2
"ENSG00000068971","PPP2R5B",2
"ENSG00000213465","ARL2",2
"ENSG00000149806","FAU",2
"ENSG00000245532","NEAT1",3
"ENSG00000251562","MALAT1",3
"ENSG00000142186","SCYL1",2
"ENSG00000172757","CFL1",3
"ENSG00000175602","CCDC85B",2
"ENSG00000174996","KLC2",3
"ENSG00000174871","CNIH2",3
"ENSG00000179292","TMEM151A",2
"ENSG00000174684","B4GAT1",3
"ENSG00000173898","SPTBN2",3
"ENSG00000172508","CARNS1",3
"ENSG00000167792","NDUFV1",2
"ENSG00000110092","CCND1",3
"ENSG00000162105","SHANK2",2
"ENSG00000137497","NUMA1",2
"ENSG00000186642","PDE2A",3
"ENSG00000021300","PLEKHB1",2
"ENSG00000175582","RAB6A",3
"ENSG00000214517","PPME1",2
"ENSG00000165434","PGM2L1",3
"ENSG00000149273","RPS3",3
"ENSG00000149269","PAK1",3
"ENSG00000151366","NDUFC2",3
"ENSG00000150672","DLG2",2
"ENSG00000168959","GRM5",2
"ENSG00000149212","SESN3",2
"ENSG00000152558","TMEM123",2
"ENSG00000152578","GRIA4",3
"ENSG00000149313","AASDHPPT",3
"ENSG00000110675","ELMOD1",3
"ENSG00000185742","C11orf87",3
"ENSG00000137710","RDX",2
"ENSG00000109846","CRYAB",3
"ENSG00000150764","DIXDC1",3
"ENSG00000149294","NCAM1",3
"ENSG00000182985","CADM1",2
"ENSG00000160584","SIK3",3
"ENSG00000168092","PAFAH1B2",2
"ENSG00000149591","TAGLN",3
"ENSG00000186318","BACE1",2
"ENSG00000137726","FXYD6",3
"ENSG00000149575","SCN2B",2
"ENSG00000167283","ATP5MG",3
"ENSG00000019144","PHLDB1",2
"ENSG00000118181","RPS25",2
"ENSG00000076706","MCAM",2
"ENSG00000154096","THY1",3
"ENSG00000137642","SORL1",2
"ENSG00000109971","HSPA8",3
"ENSG00000166257","SCN3B",3
"ENSG00000154146","NRGN",3
"ENSG00000165478","HEPACAM",2
"ENSG00000149557","FEZ1",3
"ENSG00000084234","APLP2",3
"ENSG00000166086","JAM3",2
"ENSG00000109956","B3GAT1",3
"ENSG00000067057","PFKP",3
"ENSG00000178372","CALML5",3
"ENSG00000165629","ATP5F1C",2
"ENSG00000107485","GATA3",3
"ENSG00000048740","CELF2",3
"ENSG00000183049","CAMK1D",2
"ENSG00000123240","OPTN",2
"ENSG00000065809","FAM107B",3
"ENSG00000148468","FAM171A1",2
"ENSG00000026025","VIM",3
"ENSG00000165995","CACNB2",3
"ENSG00000150867","PIP4K2A",2
"ENSG00000099246","RAB18",2
"ENSG00000095739","BAMBI",3
"ENSG00000150093","ITGB1",2
"ENSG00000170324","FRMPD2",3
"ENSG00000197444","OGDHL",2
"ENSG00000122873","CISD1",3
"ENSG00000237949","LINC00844",3
"ENSG00000165443","PHYHIPL",3
"ENSG00000148541","FAM13C",2
"ENSG00000151150","ANK3",3
"ENSG00000138311","ZNF365",2
"ENSG00000156515","HK1",3
"ENSG00000180817","PPA1",2
"ENSG00000197746","PSAP",2
"ENSG00000107742","SPOCK2",3
"ENSG00000107758","PPP3CB",3
"ENSG00000148660","CAMK2G",2
"ENSG00000165637","VDAC2",3
"ENSG00000138326","RPS24",3
"ENSG00000165424","ZCCHC24",2
"ENSG00000122378","FAM213A",3
"ENSG00000165678","GHITM",3
"ENSG00000173267","SNCG",3
"ENSG00000148671","ADIRF",3
"ENSG00000148672","GLUD1",2
"ENSG00000107798","LIPA",2
"ENSG00000138207","RBP4",3
"ENSG00000095637","SORBS1",2
"ENSG00000197430","OPALIN",3
"ENSG00000187122","SLIT1",3
"ENSG00000171314","PGAM1",3
"ENSG00000120053","GOT1",3
"ENSG00000099194","SCD",3
"ENSG00000166136","NDUFB8",3
"ENSG00000120049","KCNIP2",3
"ENSG00000059915","PSD",3
"ENSG00000107872","FBXL15",2
"ENSG00000148798","INA",3
"ENSG00000173915","ATP5MD",3
"ENSG00000148834","GSTO1",2
"ENSG00000148700","ADD3",2
"ENSG00000107518","ATRNL1",3
"ENSG00000165868","HSPA12A",3
"ENSG00000187164","SHTN1",2
"ENSG00000198825","INPP5F",3
"ENSG00000066468","FGFR2",2
"ENSG00000166033","HTRA1",2
"ENSG00000065154","OAT",3
"ENSG00000107902","LHPP",2
"ENSG00000176171","BNIP3",3
"ENSG00000148826","NKX6-2",3
"ENSG00000197177","ADGRA1",2
"ENSG00000130643","CALY",3
"ENSG00000120645","IQSEC3",2
"ENSG00000060237","WNK1",2
"ENSG00000006831","ADIPOR2",2
"ENSG00000118971","CCND2",2
"ENSG00000130035","GALNT8",3
"ENSG00000010278","CD9",3
"ENSG00000139190","VAMP1",3
"ENSG00000111640","GAPDH",3
"ENSG00000139200","PIANP",3
"ENSG00000111652","COPS7A",2
"ENSG00000089693","MLF2",3
"ENSG00000159335","PTMS",2
"ENSG00000250510","GPR162",2
"ENSG00000111669","TPI1",3
"ENSG00000111674","ENO2",3
"ENSG00000139182","CLSTN3",3
"ENSG00000089818","NECAP1",3
"ENSG00000139112","GABARAPL1",3
"ENSG00000273079","GRIN2B",3
"ENSG00000246705","H2AFJ",3
"ENSG00000111341","MGP",3
"ENSG00000111348","ARHGDIB",2
"ENSG00000023734","STRAP",3
"ENSG00000008394","MGST1",3
"ENSG00000048540","LMO3",3
"ENSG00000084453","SLCO1A2",3
"ENSG00000111716","LDHB",3
"ENSG00000111726","CMAS",2
"ENSG00000087470","DNM1L",2
"ENSG00000139116","KIF21A",3
"ENSG00000018236","CNTN1",3
"ENSG00000184613","NELL2",3
"ENSG00000211584","SLC48A1",2
"ENSG00000152556","PFKM",3
"ENSG00000177875","CCDC184",2
"ENSG00000172602","RND1",2
"ENSG00000134287","ARF3",3
"ENSG00000181418","DDN",3
"ENSG00000123416","TUBA1B",3
"ENSG00000167552","TUBA1A",3
"ENSG00000135472","FAIM2",3
"ENSG00000167588","GPD1",3
"ENSG00000185432","METTL7A",2
"ENSG00000139629","GALNT6",3
"ENSG00000161835","GRASP",2
"ENSG00000170421","KRT8",3
"ENSG00000111057","KRT18",3
"ENSG00000167778","SPRYD3",3
"ENSG00000135486","HNRNPA1",2
"ENSG00000123360","PDE1B",2
"ENSG00000135447","PPP1R1A",3
"ENSG00000135426","TESPA1",3
"ENSG00000111540","RAB5B",2
"ENSG00000197728","RPS26",3
"ENSG00000065361","ERBB3",3
"ENSG00000229117","RPL41",3
"ENSG00000092841","MYL6",3
"ENSG00000110955","ATP5F1B",3
"ENSG00000110958","PTGES3",2
"ENSG00000196531","NACA",3
"ENSG00000166863","TAC3",2
"ENSG00000155980","KIF5A",3
"ENSG00000240771","ARHGEF25",2
"ENSG00000198673","FAM19A2",2
"ENSG00000156076","WIF1",3
"ENSG00000111530","CAND1",2
"ENSG00000135643","KCNMB4",2
"ENSG00000072657","TRHDE",3
"ENSG00000253719","ATXN7L3B",3
"ENSG00000166006","KCNC2",3
"ENSG00000187109","NAP1L1",2
"ENSG00000067715","SYT1",3
"ENSG00000139220","PPFIA2",3
"ENSG00000072041","SLC6A15",2
"ENSG00000070961","ATP2B1",3
"ENSG00000173598","NUDT4",3
"ENSG00000177889","UBE2N",3
"ENSG00000184752","NDUFA12",3
"ENSG00000075415","SLC25A3",3
"ENSG00000185046","ANKS1B",2
"ENSG00000120837","NFYB",2
"ENSG00000074590","NUAK1",3
"ENSG00000136003","ISCU",3
"ENSG00000139433","GLTP",2
"ENSG00000174456","C12orf76",2
"ENSG00000174437","ATP2A2",3
"ENSG00000111249","CUX2",3
"ENSG00000089169","RPH3A",3
"ENSG00000176871","WSB2",3
"ENSG00000089220","PEBP1",3
"ENSG00000122966","CIT",2
"ENSG00000089157","RPLP0",2
"ENSG00000111775","COX6A1",3
"ENSG00000088986","DYNLL1",3
"ENSG00000157782","CABP1",3
"ENSG00000110931","CAMKK2",3
"ENSG00000119242","CCDC92",3
"ENSG00000150991","UBC",3
"ENSG00000256193","LINC00507",3
"ENSG00000132341","RAN",3
"ENSG00000121742","GJB6",2
"ENSG00000165475","CRYL1",2
"ENSG00000150459","SAP18",2
"ENSG00000165566","AMER2",2
"ENSG00000132970","WASF3",2
"ENSG00000122026","RPL21",3
"ENSG00000122042","UBL3",2
"ENSG00000120694","HSPH1",3
"ENSG00000172915","NBEA",3
"ENSG00000133083","DCLK1",3
"ENSG00000133104","SPART",2
"ENSG00000102760","RGCC",2
"ENSG00000023516","AKAP11",2
"ENSG00000151778","SERP2",3
"ENSG00000102804","TSC22D1",3
"ENSG00000133112","TPT1",3
"ENSG00000102468","HTR2A",3
"ENSG00000136143","SUCLA2",3
"ENSG00000136156","ITM2B",3
"ENSG00000136099","PCDH8",3
"ENSG00000118946","PCDH17",2
"ENSG00000184226","PCDH9",2
"ENSG00000005810","MYCBP2",3
"ENSG00000139737","SLAIN1",2
"ENSG00000102471","NDFIP2",3
"ENSG00000185352","HS6ST3",3
"ENSG00000125249","RAP2A",3
"ENSG00000129538","RNASE1",3
"ENSG00000165795","NDRG2",3
"ENSG00000100804","PSMB5",2
"ENSG00000092096","SLC22A17",3
"ENSG00000166091","CMTM5",2
"ENSG00000092051","JPH4",3
"ENSG00000129559","NEDD8",3
"ENSG00000168952","STXBP6",3
"ENSG00000151320","AKAP6",2
"ENSG00000129515","SNX6",2
"ENSG00000165410","CFL2",2
"ENSG00000100934","SEC23A",2
"ENSG00000182400","TRAPPC6B",2
"ENSG00000213741","RPS29",3
"ENSG00000198513","ATL1",3
"ENSG00000100505","TRIM9",2
"ENSG00000186469","GNG2",3
"ENSG00000100519","PSMC6",3
"ENSG00000131981","LGALS3",2
"ENSG00000178974","FBXO34",3
"ENSG00000126777","KTN1",2
"ENSG00000139970","RTN1",3
"ENSG00000139973","SYT16",3
"ENSG00000179841","AKAP5",2
"ENSG00000126803","HSPA2",3
"ENSG00000126822","PLEKHG3",2
"ENSG00000139998","RAB15",2
"ENSG00000100554","ATP6V1D",3
"ENSG00000054690","PLEKHH1",2
"ENSG00000006432","MAP3K9",2
"ENSG00000197555","SIPA1L1",3
"ENSG00000080815","PSEN1",2
"ENSG00000176903","PNMA1",3
"ENSG00000170345","FOS",2
"ENSG00000165553","NGB",2
"ENSG00000119705","SLIRP",3
"ENSG00000021645","NRXN3",3
"ENSG00000185070","FLRT2",3
"ENSG00000198668","CALM1",3
"ENSG00000183648","NDUFB1",3
"ENSG00000100604","CHGA",3
"ENSG00000100605","ITPK1",2
"ENSG00000165943","MOAP1",3
"ENSG00000089737","DDX24",3
"ENSG00000165949","IFI27",3
"ENSG00000119632","IFI27L2",2
"ENSG00000119698","PPP4R4",2
"ENSG00000227051","C14orf132",2
"ENSG00000036530","CYP46A1",3
"ENSG00000196405","EVL",3
"ENSG00000214548","MEG3",3
"ENSG00000197102","DYNC1H1",3
"ENSG00000080824","HSP90AA1",3
"ENSG00000166165","CKB",3
"ENSG00000126214","KLC1",3
"ENSG00000156411","ATP5MPL",3
"ENSG00000179364","PACS2",2
"ENSG00000182809","CRIP2",3
"ENSG00000211890","IGHA2",3
"ENSG00000211892","IGHG4",3
"ENSG00000211895","IGHA1",3
"ENSG00000211896","IGHG1",3
"ENSG00000211897","IGHG3",3
"ENSG00000211899","IGHM",3
"ENSG00000128739","SNRPN",3
"ENSG00000257151","PWAR6",3
"ENSG00000166206","GABRB3",3
"ENSG00000186297","GABRA5",3
"ENSG00000034053","APBA2",2
"ENSG00000104067","TJP1",2
"ENSG00000166922","SCG5",3
"ENSG00000176454","LPCAT4",3
"ENSG00000215252","GOLGA8B",2
"ENSG00000172575","RASGRP1",2
"ENSG00000187446","CHP1",2
"ENSG00000137825","ITPKA",3
"ENSG00000092445","TYRO3",2
"ENSG00000103978","TMEM87A",2
"ENSG00000166963","MAP1A",3
"ENSG00000237289","CKMT1B",2
"ENSG00000223572","CKMT1A",2
"ENSG00000140264","SERF2",2
"ENSG00000166710","B2M",3
"ENSG00000171766","GATM",2
"ENSG00000255302","EID1",2
"ENSG00000138593","SECISBP2L",2
"ENSG00000186417","GLDN",2
"ENSG00000104093","DMXL2",3
"ENSG00000104112","SCG3",3
"ENSG00000140280","LYSMD2",3
"ENSG00000128872","TMOD2",3
"ENSG00000069966","GNB5",3
"ENSG00000197535","MYO5A",3
"ENSG00000128989","ARPP19",3
"ENSG00000182718","ANXA2",3
"ENSG00000171914","TLN2",3
"ENSG00000103657","HERC1",2
"ENSG00000103769","RAB11A",2
"ENSG00000169032","MAP2K1",3
"ENSG00000174444","RPL4",3
"ENSG00000169018","FEM1B",3
"ENSG00000137818","RPLP1",3
"ENSG00000166173","LARP6",2
"ENSG00000067225","PKM",3
"ENSG00000156642","NPTN",3
"ENSG00000129009","ISLR",3
"ENSG00000178741","COX5A",3
"ENSG00000198794","SCAMP5",3
"ENSG00000117906","RCN2",3
"ENSG00000140391","TSPAN3",2
"ENSG00000169783","LINGO1",3
"ENSG00000166411","IDH3A",2
"ENSG00000103740","ACSBG1",2
"ENSG00000185787","MORF4L1",3
"ENSG00000103811","CTSH",2
"ENSG00000058335","RASGRF1",3
"ENSG00000172379","ARNT2",3
"ENSG00000166503","HDGFL3",2
"ENSG00000140600","SH3GL3",2
"ENSG00000140538","NTRK3",2
"ENSG00000140545","MFGE8",2
"ENSG00000166819","PLIN1",3
"ENSG00000166823","MESP1",2
"ENSG00000182768","NGRN",2
"ENSG00000196547","MAN2A2",2
"ENSG00000185518","SV2B",3
"ENSG00000182175","RGMA",2
"ENSG00000068305","MEF2A",2
"ENSG00000188536","HBA2",3
"ENSG00000206172","HBA1",3
"ENSG00000242173","ARHGDIG",3
"ENSG00000130731","METTL26",2
"ENSG00000127585","FBXL16",3
"ENSG00000103260","METRN",3
"ENSG00000005513","SOX8",2
"ENSG00000007516","BAIAP3",3
"ENSG00000138834","MAPK8IP3",3
"ENSG00000140988","RPS2",3
"ENSG00000127561","SYNGR3",3
"ENSG00000184207","PGP",3
"ENSG00000205937","RNPS1",2
"ENSG00000140992","PDPK1",2
"ENSG00000162073","PAQR4",2
"ENSG00000103415","HMOX2",3
"ENSG00000089486","CDIP1",2
"ENSG00000267795","SMIM22",3
"ENSG00000103184","SEC14L5",2
"ENSG00000078328","RBFOX1",3
"ENSG00000183044","ABAT",2
"ENSG00000183454","GRIN2A",3
"ENSG00000182108","DEXI",2
"ENSG00000189067","LITAF",2
"ENSG00000184602","SNN",3
"ENSG00000186260","MKL2",3
"ENSG00000166780","C16orf45",3
"ENSG00000134419","RPS15A",3
"ENSG00000170540","ARL6IP1",3
"ENSG00000103540","CCP110",2
"ENSG00000167191","GPRC5B",3
"ENSG00000103316","CRYM",3
"ENSG00000140740","UQCRC2",3
"ENSG00000185716","MOSMO",2
"ENSG00000122254","HS3ST2",3
"ENSG00000004779","NDUFAB1",3
"ENSG00000166501","PRKCB",3
"ENSG00000006116","CACNG3",3
"ENSG00000176046","NUPR1",3
"ENSG00000167371","PRRT2",3
"ENSG00000174938","SEZ6L2",3
"ENSG00000149927","DOC2A",2
"ENSG00000149925","ALDOA",3
"ENSG00000090238","YPEL3",3
"ENSG00000099365","STX1B",3
"ENSG00000089280","FUS",2
"ENSG00000069329","VPS35",3
"ENSG00000069345","DNAJA2",2
"ENSG00000129636","ITFG1",3
"ENSG00000087258","GNAO1",3
"ENSG00000087250","MT3",3
"ENSG00000125148","MT2A",3
"ENSG00000169715","MT1E",3
"ENSG00000205364","MT1M",3
"ENSG00000125144","MT1G",2
"ENSG00000140848","CPNE2",2
"ENSG00000102934","PLLP",3
"ENSG00000006210","CX3CL1",2
"ENSG00000103034","NDRG4",3
"ENSG00000150394","CDH8",2
"ENSG00000135720","DYNC1LI2",2
"ENSG00000159713","TPPP3",2
"ENSG00000159720","ATP6V0D1",3
"ENSG00000132612","VPS4A",2
"ENSG00000172137","CALB2",3
"ENSG00000103089","FA2H",2
"ENSG00000166848","TERF2IP",2
"ENSG00000152910","CNTNAP4",3
"ENSG00000171724","VAT1L",2
"ENSG00000166509","CLEC3A",3
"ENSG00000153815","CMIP",3
"ENSG00000140945","CDH13",2
"ENSG00000103154","NECAB2",3
"ENSG00000135709","KIAA0513",3
"ENSG00000131143","COX4I1",3
"ENSG00000140941","MAP1LC3B",3
"ENSG00000154118","JPH3",2
"ENSG00000167526","RPL13",3
"ENSG00000141002","TCF25",2
"ENSG00000258947","TUBB3",2
"ENSG00000003249","DBNDD1",3
"ENSG00000159842","ABR",3
"ENSG00000108953","YWHAE",2
"ENSG00000174238","PITPNA",2
"ENSG00000132386","SERPINF1",3
"ENSG00000007168","PAFAH1B1",3
"ENSG00000004660","CAMKK1",3
"ENSG00000183018","SPNS2",2
"ENSG00000142507","PSMB6",2
"ENSG00000108528","SLC25A11",2
"ENSG00000091592","NLRP1",3
"ENSG00000132535","DLG4",3
"ENSG00000132507","EIF5A",2
"ENSG00000129244","ATP1B2",3
"ENSG00000108947","EFNB3",2
"ENSG00000183011","NAA38",3
"ENSG00000170043","TRAPPC1",3
"ENSG00000220205","VAMP2",3
"ENSG00000161970","RPL26",3
"ENSG00000007237","GAS7",2
"ENSG00000065559","MAP2K4",3
"ENSG00000109099","PMP22",3
"ENSG00000170315","UBB",3
"ENSG00000181350","LRRC75A",2
"ENSG00000108551","RASD1",3
"ENSG00000072310","SREBF1",2
"ENSG00000072134","EPN2",3
"ENSG00000124422","USP22",2
"ENSG00000087095","NLK",3
"ENSG00000109107","ALDOC",3
"ENSG00000198242","RPL23A",3
"ENSG00000160551","TAOK1",2
"ENSG00000126861","OMG",2
"ENSG00000126860","EVI2A",2
"ENSG00000172301","COPRS",2
"ENSG00000176749","CDK5R1",3
"ENSG00000277363","SRCIN1",2
"ENSG00000276293","PIP4K2B",2
"ENSG00000108298","RPL19",3
"ENSG00000141750","STAC2",2
"ENSG00000171532","NEUROD2",3
"ENSG00000126368","NR1D1",2
"ENSG00000141753","IGFBP4",2
"ENSG00000213424","KRT222",2
"ENSG00000171345","KRT19",3
"ENSG00000128422","KRT17",3
"ENSG00000173812","EIF1",2
"ENSG00000173786","CNP",3
"ENSG00000033627","ATP6V0A1",3
"ENSG00000108797","CNTNAP1",3
"ENSG00000108861","DUSP3",2
"ENSG00000108309","RUNDC3A",3
"ENSG00000161682","FAM171A2",2
"ENSG00000131095","GFAP",3
"ENSG00000136448","NMT1",2
"ENSG00000186868","MAPT",2
"ENSG00000073969","NSF",3
"ENSG00000159199","ATP5MC1",3
"ENSG00000108821","COL1A1",3
"ENSG00000154945","ANKRD40",2
"ENSG00000239672","NME1",3
"ENSG00000154975","CA10",3
"ENSG00000108924","HLF",2
"ENSG00000108960","MMD",2
"ENSG00000264364","DYNLL2",3
"ENSG00000108387","SEPT4",3
"ENSG00000108395","TRIM37",3
"ENSG00000141367","CLTC",3
"ENSG00000167434","CA4",2
"ENSG00000266402","SNHG25",3
"ENSG00000108654","DDX5",3
"ENSG00000154229","PRKCA",3
"ENSG00000108946","PRKAR1A",3
"ENSG00000180616","SSTR2",3
"ENSG00000172809","RPL38",3
"ENSG00000141540","TTYH2",2
"ENSG00000109062","SLC9A3R1",3
"ENSG00000167863","ATP5PD",3
"ENSG00000189159","JPT1",3
"ENSG00000188612","SUMO2",3
"ENSG00000132475","H3F3B",3
"ENSG00000132471","WBP2",3
"ENSG00000182534","MXRA7",3
"ENSG00000167889","MGAT5B",3
"ENSG00000108639","SYNGR2",3
"ENSG00000108679","LGALS3BP",2
"ENSG00000167281","RBFOX3",3
"ENSG00000171246","NPTX1",3
"ENSG00000175866","BAIAP2",3
"ENSG00000181409","AATK",3
"ENSG00000184009","ACTG1",3
"ENSG00000141522","ARHGDIA",2
"ENSG00000141542","RAB40B",3
"ENSG00000141433","ADCYAP1",3
"ENSG00000170579","DLGAP1",3
"ENSG00000082397","EPB41L3",3
"ENSG00000141404","GNAL",2
"ENSG00000085415","SEH1L",2
"ENSG00000168675","LDLRAD4",3
"ENSG00000171885","AQP4",3
"ENSG00000134769","DTNA",2
"ENSG00000166974","MAPRE2",3
"ENSG00000141424","SLC39A6",3
"ENSG00000134779","TPGS2",2
"ENSG00000101489","CELF4",3
"ENSG00000152214","RIT2",2
"ENSG00000132872","SYT4",3
"ENSG00000152234","ATP5F1A",3
"ENSG00000265681","RPL17",3
"ENSG00000041353","RAB27B",3
"ENSG00000177511","ST8SIA3",3
"ENSG00000119541","VPS4B",2
"ENSG00000141668","CBLN2",3
"ENSG00000166347","CYB5A",2
"ENSG00000133313","CNDP2",2
"ENSG00000150656","CNDP1",3
"ENSG00000197971","MBP",3
"ENSG00000125841","NRSN2",3
"ENSG00000088832","FKBP1A",3
"ENSG00000198053","SIRPA",3
"ENSG00000101365","IDH3B",3
"ENSG00000088899","LZTS3",3
"ENSG00000198171","DDRGK1",2
"ENSG00000171867","PRNP",3
"ENSG00000101265","RASSF2",3
"ENSG00000089199","CHGB",3
"ENSG00000125827","TMX4",3
"ENSG00000182621","PLCB1",3
"ENSG00000125869","LAMP5",3
"ENSG00000132639","SNAP25",3
"ENSG00000132640","BTBD3",2
"ENSG00000125851","PCSK2",3
"ENSG00000125868","DSTN",3
"ENSG00000125814","NAPB",3
"ENSG00000101439","CST3",3
"ENSG00000101400","SNTA1",2
"ENSG00000125971","DYNLRB1",3
"ENSG00000101460","MAP1LC3A",3
"ENSG00000078804","TP53INP2",3
"ENSG00000125995","ROMO1",2
"ENSG00000260032","NORAD",3
"ENSG00000088367","EPB41L1",3
"ENSG00000101335","MYL9",2
"ENSG00000101079","NDRG3",3
"ENSG00000166619","BLCAP",3
"ENSG00000053438","NNAT",3
"ENSG00000132821","VSTM2L",3
"ENSG00000101445","PPP1R16B",2
"ENSG00000132824","SERINC3",3
"ENSG00000168734","PKIG",2
"ENSG00000166913","YWHAB",3
"ENSG00000025772","TOMM34",2
"ENSG00000101443","WFDC2",3
"ENSG00000124140","SLC12A5",3
"ENSG00000149654","CDH22",3
"ENSG00000124126","PREX1",2
"ENSG00000177410","ZFAS1",2
"ENSG00000158445","KCNB1",3
"ENSG00000054793","ATP9A",2
"ENSG00000064787","BCAS1",3
"ENSG00000101132","PFDN4",2
"ENSG00000054803","CBLN4",3
"ENSG00000087460","GNAS",3
"ENSG00000124172","ATP5F1E",3
"ENSG00000101182","PSMA7",2
"ENSG00000171858","RPS21",3
"ENSG00000075043","KCNQ2",2
"ENSG00000101210","EEF1A2",3
"ENSG00000125534","PPDPF",3
"ENSG00000197457","STMN3",3
"ENSG00000101152","DNAJC5",2
"ENSG00000172270","BSG",2
"ENSG00000099822","HCN2",2
"ENSG00000197766","CFD",3
"ENSG00000099817","POLR2E",2
"ENSG00000167468","GPX4",3
"ENSG00000099624","ATP5F1D",3
"ENSG00000115286","NDUFS7",2
"ENSG00000130005","GAMT",2
"ENSG00000115268","RPS15",3
"ENSG00000127540","UQCR11",3
"ENSG00000104904","OAZ1",3
"ENSG00000176490","DIRAS1",3
"ENSG00000104964","AES",3
"ENSG00000129932","DOHH",3
"ENSG00000186111","PIP5K1C",2
"ENSG00000167654","ATCAY",2
"ENSG00000167671","UBXN6",2
"ENSG00000167676","PLIN4",3
"ENSG00000167680","SEMA6B",2
"ENSG00000130255","RPL36",2
"ENSG00000174917","C19orf70",2
"ENSG00000174886","NDUFA11",2
"ENSG00000104833","TUBB4A",3
"ENSG00000125730","C3",2
"ENSG00000229833","PET100",3
"ENSG00000260001","TGFBR3L",3
"ENSG00000178531","CTXN1",3
"ENSG00000267855","NDUFA7",2
"ENSG00000233927","RPS28",3
"ENSG00000198258","UBL5",3
"ENSG00000127445","PIN1",3
"ENSG00000105088","OLFM2",2
"ENSG00000105364","MRPL4",2
"ENSG00000105376","ICAM5",3
"ENSG00000267673","FDX2",2
"ENSG00000065989","PDE4A",2
"ENSG00000129355","CDKN2D",3
"ENSG00000079805","DNM2",2
"ENSG00000130175","PRKCSH",2
"ENSG00000167815","PRDX2",3
"ENSG00000105613","MAST1",2
"ENSG00000179271","GADD45GIP1",2
"ENSG00000008441","NFIX",3
"ENSG00000141837","CACNA1A",2
"ENSG00000187556","NANOS3",2
"ENSG00000072071","ADGRL1",3
"ENSG00000099797","TECR",3
"ENSG00000072954","TMEM38A",2
"ENSG00000127220","ABHD8",2
"ENSG00000130303","BST2",3
"ENSG00000130477","UNC13A",3
"ENSG00000130479","MAP1S",2
"ENSG00000105640","RPL18A",3
"ENSG00000099308","MAST3",3
"ENSG00000105649","RAB3A",3
"ENSG00000130522","JUND",3
"ENSG00000130520","LSM4",2
"ENSG00000105701","FKBP8",3
"ENSG00000006016","CRLF1",3
"ENSG00000105696","TMEM59L",3
"ENSG00000130287","NCAN",2
"ENSG00000187664","HAPLN4",3
"ENSG00000186010","NDUFA13",3
"ENSG00000250067","YJEFN3",3
"ENSG00000169021","UQCRFS1",2
"ENSG00000105220","GPI",3
"ENSG00000105711","SCN1B",3
"ENSG00000089356","FXYD3",3
"ENSG00000266964","FXYD1",3
"ENSG00000221946","FXYD7",3
"ENSG00000105695","MAG",3
"ENSG00000126267","COX6B1",3
"ENSG00000004776","HSPB6",3
"ENSG00000105290","APLP1",3
"ENSG00000105270","CLIP3",3
"ENSG00000105254","TBCB",3
"ENSG00000126247","CAPNS1",2
"ENSG00000161281","COX7A1",3
"ENSG00000011332","DPF1",2
"ENSG00000167642","SPINT2",2
"ENSG00000167641","PPP1R14A",3
"ENSG00000099341","PSMD8",2
"ENSG00000068903","SIRT2",2
"ENSG00000105193","RPS16",3
"ENSG00000174521","TTC9B",3
"ENSG00000105223","PLD3",3
"ENSG00000105372","RPS19",3
"ENSG00000105409","ATP1A3",3
"ENSG00000105723","GSK3A",2
"ENSG00000130203","APOE",3
"ENSG00000130208","APOC1",3
"ENSG00000104853","CLPTM1",2
"ENSG00000277531","PNMA8C",3
"ENSG00000182013","PNMA8A",3
"ENSG00000204851","PNMA8B",3
"ENSG00000160014","CALM3",3
"ENSG00000042753","AP2S1",3
"ENSG00000130748","TMEM160",3
"ENSG00000118160","SLC8A2",3
"ENSG00000105402","NAPA",3
"ENSG00000178980","SELENOW",3
"ENSG00000142235","LMTK3",2
"ENSG00000063177","RPL18",3
"ENSG00000063180","CA11",3
"ENSG00000087086","FTL",3
"ENSG00000104888","SLC17A7",3
"ENSG00000142541","RPL13A",3
"ENSG00000142534","RPS11",2
"ENSG00000104870","FCGRT",2
"ENSG00000161671","EMC10",2
"ENSG00000167755","KLK6",3
"ENSG00000105568","PPP2R1A",3
"ENSG00000126583","PRKCG",3
"ENSG00000170906","NDUFA3",3
"ENSG00000125505","MBOAT7",2
"ENSG00000170889","RPS9",3
"ENSG00000167614","TTYH1",2
"ENSG00000129990","SYT5",2
"ENSG00000160469","BRSK1",3
"ENSG00000108107","RPL28",3
"ENSG00000198300","PEG3",2
"ENSG00000083845","RPS5",3
"ENSG00000130725","UBE2M",3
"ENSG00000131100","ATP6V1E1",3
"ENSG00000093010","COMT",2
"ENSG00000040608","RTN4R",3
"ENSG00000241973","PI4KA",3
"ENSG00000100030","MAPK1",3
"ENSG00000211677","IGLC2",3
"ENSG00000211679","IGLC3",3
"ENSG00000250479","CHCHD10",3
"ENSG00000240972","MIF",3
"ENSG00000100095","SEZ6L",3
"ENSG00000225783","MIAT",2
"ENSG00000100219","XBP1",3
"ENSG00000100285","NEFH",3
"ENSG00000184076","UQCR10",3
"ENSG00000128245","YWHAH",3
"ENSG00000100320","RBFOX2",2
"ENSG00000100362","PVALB",3
"ENSG00000128283","CDC42EP1",2
"ENSG00000100097","LGALS1",3
"ENSG00000100146","SOX10",2
"ENSG00000100216","TOMM22",2
"ENSG00000100242","SUN2",3
"ENSG00000221890","NPTXR",3
"ENSG00000183741","CBX6",3
"ENSG00000100316","RPL3",3
"ENSG00000100321","SYNGR1",3
"ENSG00000100412","ACO2",2
"ENSG00000100138","SNU13",2
"ENSG00000100167","SEPT3",3
"ENSG00000100300","TSPO",2
"ENSG00000186732","MPPED1",3
"ENSG00000130540","SULT4A1",3
"ENSG00000100364","KIAA0930",3
"ENSG00000130638","ATXN10",2
"ENSG00000219438","FAM19A5",2
"ENSG00000100427","MLC1",2
"ENSG00000008735","MAPK8IP2",3
"ENSG00000154654","NCAM2",3
"ENSG00000154723","ATP5PF",3
"ENSG00000142192","APP",3
"ENSG00000156261","CCT8",2
"ENSG00000156299","TIAM1",2
"ENSG00000142168","SOD1",3
"ENSG00000159082","SYNJ1",3
"ENSG00000205927","OLIG2",2
"ENSG00000184221","OLIG1",2
"ENSG00000241837","ATP5PO",3
"ENSG00000159228","CBR1",3
"ENSG00000157557","ETS2",3
"ENSG00000183036","PCP4",3
"ENSG00000160180","TFF3",3
"ENSG00000160182","TFF1",3
"ENSG00000184900","SUMO3",2
"ENSG00000142156","COL6A1",3
"ENSG00000142173","COL6A2",3
"ENSG00000160307","S100B",3
