"gene_id","n"
"ENSG00000002330",2
"ENSG00000002586",4
"ENSG00000004059",4
"ENSG00000004660",4
"ENSG00000004779",4
"ENSG00000005022",2
"ENSG00000005249",2
"ENSG00000005379",2
"ENSG00000005486",4
"ENSG00000005513",3
"ENSG00000005810",4
"ENSG00000005882",3
"ENSG00000005893",4
"ENSG00000006007",3
"ENSG00000006015",3
"ENSG00000006116",4
"ENSG00000006125",4
"ENSG00000006128",4
"ENSG00000006210",4
"ENSG00000006652",2
"ENSG00000007168",4
"ENSG00000007237",2
"ENSG00000007516",4
"ENSG00000008018",2
"ENSG00000008056",4
"ENSG00000008277",3
"ENSG00000008294",2
"ENSG00000008710",4
"ENSG00000008735",4
"ENSG00000008988",3
"ENSG00000010256",4
"ENSG00000010278",4
"ENSG00000010282",2
"ENSG00000010322",4
"ENSG00000010404",4
"ENSG00000011009",3
"ENSG00000011295",3
"ENSG00000011347",3
"ENSG00000011426",3
"ENSG00000012171",3
"ENSG00000012232",2
"ENSG00000013016",3
"ENSG00000013293",3
"ENSG00000013297",4
"ENSG00000013441",2
"ENSG00000014641",4
"ENSG00000015592",4
"ENSG00000015676",4
"ENSG00000018189",3
"ENSG00000018236",4
"ENSG00000018625",4
"ENSG00000019144",3
"ENSG00000019505",4
"ENSG00000019582",4
"ENSG00000020129",4
"ENSG00000021300",4
"ENSG00000021645",3
"ENSG00000022267",4
"ENSG00000022355",4
"ENSG00000023171",3
"ENSG00000023191",3
"ENSG00000023228",2
"ENSG00000023516",3
"ENSG00000023734",4
"ENSG00000024862",2
"ENSG00000025772",4
"ENSG00000026025",4
"ENSG00000028839",2
"ENSG00000031698",4
"ENSG00000033122",2
"ENSG00000033627",4
"ENSG00000034053",4
"ENSG00000034510",4
"ENSG00000034713",4
"ENSG00000035862",4
"ENSG00000036530",4
"ENSG00000037042",2
"ENSG00000038382",3
"ENSG00000040608",2
"ENSG00000040933",2
"ENSG00000041357",2
"ENSG00000042753",4
"ENSG00000044115",3
"ENSG00000044574",3
"ENSG00000046653",4
"ENSG00000047249",4
"ENSG00000047849",4
"ENSG00000048540",4
"ENSG00000048740",4
"ENSG00000049759",2
"ENSG00000050165",4
"ENSG00000050748",4
"ENSG00000051596",3
"ENSG00000052802",3
"ENSG00000053438",4
"ENSG00000054148",2
"ENSG00000054356",4
"ENSG00000054523",4
"ENSG00000054690",4
"ENSG00000054793",4
"ENSG00000055163",4
"ENSG00000055813",3
"ENSG00000057757",4
"ENSG00000058091",4
"ENSG00000058335",4
"ENSG00000058404",4
"ENSG00000058668",4
"ENSG00000058866",2
"ENSG00000059758",3
"ENSG00000059804",3
"ENSG00000059915",4
"ENSG00000060709",2
"ENSG00000061676",4
"ENSG00000061918",4
"ENSG00000063015",2
"ENSG00000063177",4
"ENSG00000063180",4
"ENSG00000063245",3
"ENSG00000063854",4
"ENSG00000064393",3
"ENSG00000064607",3
"ENSG00000064651",3
"ENSG00000064787",4
"ENSG00000065000",2
"ENSG00000065154",3
"ENSG00000065518",4
"ENSG00000065548",3
"ENSG00000065559",4
"ENSG00000065609",4
"ENSG00000065809",3
"ENSG00000066032",3
"ENSG00000066248",2
"ENSG00000066322",4
"ENSG00000066468",3
"ENSG00000067057",4
"ENSG00000067064",3
"ENSG00000067191",3
"ENSG00000067221",3
"ENSG00000067225",4
"ENSG00000067560",3
"ENSG00000067606",4
"ENSG00000067715",4
"ENSG00000067829",4
"ENSG00000067836",3
"ENSG00000067840",4
"ENSG00000067842",3
"ENSG00000067992",3
"ENSG00000068078",3
"ENSG00000068366",3
"ENSG00000068615",2
"ENSG00000068903",4
"ENSG00000069275",3
"ENSG00000069329",4
"ENSG00000069424",4
"ENSG00000069535",3
"ENSG00000070087",4
"ENSG00000070214",4
"ENSG00000070413",3
"ENSG00000070718",2
"ENSG00000070808",4
"ENSG00000070831",2
"ENSG00000070961",4
"ENSG00000071054",2
"ENSG00000071082",4
"ENSG00000071127",3
"ENSG00000071553",4
"ENSG00000072062",2
"ENSG00000072071",4
"ENSG00000072110",2
"ENSG00000072274",2
"ENSG00000072657",2
"ENSG00000072778",3
"ENSG00000072832",4
"ENSG00000073670",3
"ENSG00000073910",2
"ENSG00000073969",4
"ENSG00000074211",4
"ENSG00000074317",4
"ENSG00000074696",2
"ENSG00000074800",4
"ENSG00000074842",2
"ENSG00000075035",2
"ENSG00000075043",4
"ENSG00000075089",2
"ENSG00000075340",2
"ENSG00000075415",3
"ENSG00000075618",3
"ENSG00000075624",4
"ENSG00000075785",2
"ENSG00000075945",4
"ENSG00000076554",4
"ENSG00000076864",4
"ENSG00000077264",3
"ENSG00000077549",4
"ENSG00000077782",2
"ENSG00000078018",4
"ENSG00000078053",4
"ENSG00000078114",3
"ENSG00000078140",3
"ENSG00000078304",2
"ENSG00000078328",4
"ENSG00000078369",4
"ENSG00000078668",4
"ENSG00000078725",3
"ENSG00000078804",3
"ENSG00000078902",4
"ENSG00000079215",4
"ENSG00000079459",3
"ENSG00000079841",3
"ENSG00000080298",2
"ENSG00000080503",2
"ENSG00000080822",4
"ENSG00000080824",4
"ENSG00000080845",2
"ENSG00000081189",2
"ENSG00000081760",2
"ENSG00000082397",3
"ENSG00000082458",3
"ENSG00000082641",4
"ENSG00000082996",3
"ENSG00000083720",4
"ENSG00000083845",4
"ENSG00000084070",3
"ENSG00000084207",4
"ENSG00000084234",4
"ENSG00000084444",4
"ENSG00000084710",4
"ENSG00000084731",4
"ENSG00000084764",4
"ENSG00000085063",3
"ENSG00000085365",3
"ENSG00000085433",3
"ENSG00000085662",2
"ENSG00000085832",3
"ENSG00000086061",4
"ENSG00000086289",4
"ENSG00000086300",4
"ENSG00000086504",4
"ENSG00000087074",2
"ENSG00000087086",4
"ENSG00000087250",4
"ENSG00000087258",4
"ENSG00000087460",4
"ENSG00000087470",3
"ENSG00000088367",3
"ENSG00000088387",3
"ENSG00000088832",4
"ENSG00000088899",3
"ENSG00000088986",4
"ENSG00000088992",4
"ENSG00000089009",3
"ENSG00000089063",2
"ENSG00000089157",3
"ENSG00000089169",3
"ENSG00000089199",4
"ENSG00000089220",4
"ENSG00000089280",2
"ENSG00000089486",4
"ENSG00000089693",4
"ENSG00000089737",4
"ENSG00000089818",4
"ENSG00000090097",2
"ENSG00000090238",4
"ENSG00000090266",3
"ENSG00000090581",2
"ENSG00000091129",4
"ENSG00000091157",3
"ENSG00000091164",3
"ENSG00000091428",4
"ENSG00000091513",4
"ENSG00000092051",4
"ENSG00000092096",4
"ENSG00000092199",3
"ENSG00000092445",2
"ENSG00000092529",3
"ENSG00000092621",2
"ENSG00000092820",4
"ENSG00000092841",4
"ENSG00000092964",4
"ENSG00000093010",3
"ENSG00000096092",3
"ENSG00000096384",4
"ENSG00000097021",4
"ENSG00000099194",4
"ENSG00000099250",2
"ENSG00000099308",4
"ENSG00000099341",4
"ENSG00000099365",4
"ENSG00000099622",4
"ENSG00000099624",4
"ENSG00000099795",3
"ENSG00000099797",2
"ENSG00000099817",4
"ENSG00000099977",3
"ENSG00000100030",4
"ENSG00000100077",3
"ENSG00000100095",4
"ENSG00000100097",4
"ENSG00000100138",3
"ENSG00000100142",2
"ENSG00000100167",4
"ENSG00000100201",4
"ENSG00000100242",4
"ENSG00000100276",2
"ENSG00000100285",4
"ENSG00000100314",3
"ENSG00000100316",4
"ENSG00000100320",3
"ENSG00000100321",4
"ENSG00000100364",4
"ENSG00000100379",4
"ENSG00000100380",2
"ENSG00000100387",2
"ENSG00000100401",4
"ENSG00000100412",2
"ENSG00000100427",3
"ENSG00000100442",3
"ENSG00000100505",3
"ENSG00000100554",4
"ENSG00000100604",4
"ENSG00000100605",2
"ENSG00000100626",3
"ENSG00000100650",3
"ENSG00000100664",3
"ENSG00000100804",4
"ENSG00000100884",4
"ENSG00000100902",3
"ENSG00000100979",3
"ENSG00000100997",4
"ENSG00000101079",4
"ENSG00000101152",4
"ENSG00000101182",4
"ENSG00000101210",4
"ENSG00000101298",2
"ENSG00000101327",3
"ENSG00000101439",4
"ENSG00000101460",4
"ENSG00000101474",4
"ENSG00000101489",4
"ENSG00000101558",2
"ENSG00000101856",4
"ENSG00000102003",4
"ENSG00000102109",4
"ENSG00000102144",4
"ENSG00000102181",3
"ENSG00000102226",4
"ENSG00000102409",4
"ENSG00000102471",4
"ENSG00000102760",4
"ENSG00000102804",4
"ENSG00000102879",2
"ENSG00000102934",4
"ENSG00000103024",2
"ENSG00000103034",4
"ENSG00000103056",3
"ENSG00000103089",2
"ENSG00000103145",3
"ENSG00000103174",2
"ENSG00000103260",4
"ENSG00000103266",3
"ENSG00000103316",4
"ENSG00000103363",4
"ENSG00000103415",3
"ENSG00000103528",2
"ENSG00000103647",2
"ENSG00000103657",2
"ENSG00000103723",2
"ENSG00000103769",4
"ENSG00000103811",3
"ENSG00000104093",3
"ENSG00000104112",3
"ENSG00000104267",4
"ENSG00000104327",3
"ENSG00000104381",3
"ENSG00000104388",4
"ENSG00000104419",3
"ENSG00000104435",4
"ENSG00000104490",4
"ENSG00000104529",3
"ENSG00000104695",4
"ENSG00000104722",4
"ENSG00000104723",3
"ENSG00000104763",2
"ENSG00000104833",4
"ENSG00000104888",4
"ENSG00000104904",4
"ENSG00000104960",2
"ENSG00000104964",4
"ENSG00000104979",2
"ENSG00000105185",2
"ENSG00000105193",4
"ENSG00000105220",4
"ENSG00000105223",4
"ENSG00000105245",3
"ENSG00000105254",4
"ENSG00000105255",3
"ENSG00000105258",2
"ENSG00000105270",4
"ENSG00000105290",4
"ENSG00000105372",4
"ENSG00000105376",4
"ENSG00000105393",2
"ENSG00000105401",4
"ENSG00000105402",4
"ENSG00000105404",3
"ENSG00000105409",4
"ENSG00000105419",3
"ENSG00000105518",2
"ENSG00000105520",4
"ENSG00000105568",4
"ENSG00000105583",3
"ENSG00000105613",3
"ENSG00000105640",4
"ENSG00000105642",3
"ENSG00000105649",4
"ENSG00000105662",2
"ENSG00000105695",4
"ENSG00000105696",4
"ENSG00000105701",4
"ENSG00000105711",4
"ENSG00000105723",3
"ENSG00000105737",3
"ENSG00000105738",2
"ENSG00000105854",4
"ENSG00000105887",4
"ENSG00000105894",3
"ENSG00000105993",3
"ENSG00000106089",4
"ENSG00000106105",2
"ENSG00000106153",4
"ENSG00000106211",2
"ENSG00000106236",4
"ENSG00000106278",3
"ENSG00000106299",4
"ENSG00000106367",4
"ENSG00000106537",3
"ENSG00000106538",2
"ENSG00000106615",4
"ENSG00000106617",3
"ENSG00000106682",2
"ENSG00000106723",3
"ENSG00000106803",2
"ENSG00000106853",2
"ENSG00000106976",4
"ENSG00000106992",3
"ENSG00000107105",3
"ENSG00000107130",4
"ENSG00000107223",4
"ENSG00000107281",4
"ENSG00000107295",4
"ENSG00000107317",4
"ENSG00000107331",4
"ENSG00000107372",4
"ENSG00000107518",3
"ENSG00000107742",4
"ENSG00000107758",4
"ENSG00000107798",2
"ENSG00000107863",4
"ENSG00000107872",2
"ENSG00000107902",4
"ENSG00000108091",3
"ENSG00000108106",4
"ENSG00000108107",4
"ENSG00000108231",3
"ENSG00000108262",4
"ENSG00000108298",4
"ENSG00000108309",4
"ENSG00000108352",2
"ENSG00000108387",4
"ENSG00000108395",4
"ENSG00000108509",2
"ENSG00000108518",3
"ENSG00000108528",4
"ENSG00000108551",3
"ENSG00000108561",4
"ENSG00000108654",4
"ENSG00000108797",4
"ENSG00000108848",2
"ENSG00000108861",3
"ENSG00000108924",2
"ENSG00000108946",4
"ENSG00000108947",2
"ENSG00000108953",4
"ENSG00000108960",4
"ENSG00000109046",3
"ENSG00000109099",4
"ENSG00000109107",4
"ENSG00000109180",4
"ENSG00000109332",2
"ENSG00000109339",4
"ENSG00000109390",3
"ENSG00000109466",4
"ENSG00000109472",4
"ENSG00000109475",4
"ENSG00000109654",4
"ENSG00000109670",3
"ENSG00000109738",4
"ENSG00000109846",4
"ENSG00000109956",4
"ENSG00000109971",4
"ENSG00000110047",2
"ENSG00000110076",3
"ENSG00000110107",2
"ENSG00000110237",3
"ENSG00000110321",4
"ENSG00000110328",2
"ENSG00000110400",2
"ENSG00000110427",3
"ENSG00000110436",4
"ENSG00000110514",4
"ENSG00000110651",4
"ENSG00000110675",4
"ENSG00000110700",4
"ENSG00000110717",3
"ENSG00000110786",2
"ENSG00000110841",3
"ENSG00000110955",4
"ENSG00000110958",4
"ENSG00000111229",4
"ENSG00000111275",3
"ENSG00000111328",4
"ENSG00000111371",2
"ENSG00000111639",2
"ENSG00000111640",4
"ENSG00000111669",4
"ENSG00000111674",4
"ENSG00000111678",2
"ENSG00000111696",3
"ENSG00000111716",4
"ENSG00000111726",4
"ENSG00000111775",4
"ENSG00000111885",2
"ENSG00000111897",4
"ENSG00000111912",3
"ENSG00000112081",2
"ENSG00000112096",4
"ENSG00000112137",4
"ENSG00000112146",2
"ENSG00000112186",4
"ENSG00000112290",4
"ENSG00000112306",4
"ENSG00000112309",4
"ENSG00000112335",4
"ENSG00000112379",2
"ENSG00000112514",4
"ENSG00000112531",4
"ENSG00000112695",4
"ENSG00000112697",4
"ENSG00000112902",4
"ENSG00000112972",4
"ENSG00000113013",2
"ENSG00000113140",4
"ENSG00000113161",3
"ENSG00000113269",2
"ENSG00000113319",2
"ENSG00000113327",4
"ENSG00000113387",4
"ENSG00000113558",4
"ENSG00000113575",4
"ENSG00000113578",4
"ENSG00000113758",2
"ENSG00000113763",2
"ENSG00000113811",2
"ENSG00000114023",3
"ENSG00000114115",2
"ENSG00000114125",3
"ENSG00000114383",4
"ENSG00000114391",4
"ENSG00000114544",2
"ENSG00000114554",2
"ENSG00000114573",4
"ENSG00000114626",2
"ENSG00000114631",4
"ENSG00000114784",3
"ENSG00000114902",3
"ENSG00000114923",2
"ENSG00000114942",2
"ENSG00000114948",2
"ENSG00000115194",3
"ENSG00000115252",2
"ENSG00000115268",4
"ENSG00000115286",3
"ENSG00000115306",3
"ENSG00000115310",4
"ENSG00000115365",4
"ENSG00000115380",2
"ENSG00000115419",4
"ENSG00000115461",3
"ENSG00000115468",3
"ENSG00000115484",3
"ENSG00000115541",4
"ENSG00000115641",2
"ENSG00000115694",2
"ENSG00000115738",3
"ENSG00000115756",4
"ENSG00000115762",4
"ENSG00000115875",2
"ENSG00000115944",4
"ENSG00000115977",4
"ENSG00000116030",3
"ENSG00000116106",4
"ENSG00000116133",4
"ENSG00000116161",4
"ENSG00000116209",3
"ENSG00000116251",4
"ENSG00000116254",3
"ENSG00000116260",2
"ENSG00000116288",4
"ENSG00000116337",2
"ENSG00000116396",2
"ENSG00000116459",4
"ENSG00000116574",3
"ENSG00000116604",2
"ENSG00000116649",3
"ENSG00000116661",4
"ENSG00000116675",4
"ENSG00000116741",2
"ENSG00000116752",2
"ENSG00000116857",4
"ENSG00000116871",2
"ENSG00000116983",4
"ENSG00000117069",3
"ENSG00000117115",2
"ENSG00000117152",3
"ENSG00000117154",3
"ENSG00000117155",2
"ENSG00000117266",2
"ENSG00000117318",3
"ENSG00000117410",4
"ENSG00000117419",4
"ENSG00000117450",4
"ENSG00000117519",3
"ENSG00000117592",4
"ENSG00000117600",4
"ENSG00000117616",3
"ENSG00000117632",4
"ENSG00000117691",4
"ENSG00000117906",4
"ENSG00000117984",3
"ENSG00000118160",4
"ENSG00000118181",4
"ENSG00000118194",3
"ENSG00000118200",3
"ENSG00000118257",2
"ENSG00000118271",3
"ENSG00000118276",3
"ENSG00000118402",2
"ENSG00000118418",3
"ENSG00000118432",4
"ENSG00000118473",2
"ENSG00000118515",2
"ENSG00000118680",4
"ENSG00000118785",4
"ENSG00000118816",2
"ENSG00000118971",3
"ENSG00000119013",3
"ENSG00000119048",3
"ENSG00000119125",4
"ENSG00000119139",3
"ENSG00000119242",4
"ENSG00000119280",2
"ENSG00000119318",3
"ENSG00000119421",4
"ENSG00000119655",2
"ENSG00000119698",2
"ENSG00000119705",3
"ENSG00000119782",4
"ENSG00000119801",4
"ENSG00000119865",4
"ENSG00000119866",2
"ENSG00000119900",4
"ENSG00000120049",4
"ENSG00000120053",4
"ENSG00000120251",4
"ENSG00000120265",4
"ENSG00000120306",2
"ENSG00000120438",3
"ENSG00000120694",4
"ENSG00000120727",2
"ENSG00000120885",4
"ENSG00000120899",4
"ENSG00000120963",4
"ENSG00000121413",4
"ENSG00000121653",3
"ENSG00000121753",4
"ENSG00000121766",2
"ENSG00000121769",4
"ENSG00000121905",4
"ENSG00000122026",4
"ENSG00000122042",2
"ENSG00000122126",2
"ENSG00000122359",3
"ENSG00000122378",4
"ENSG00000122406",4
"ENSG00000122490",2
"ENSG00000122545",4
"ENSG00000122566",4
"ENSG00000122574",4
"ENSG00000122585",4
"ENSG00000122705",3
"ENSG00000122733",2
"ENSG00000122873",4
"ENSG00000123091",4
"ENSG00000123095",3
"ENSG00000123119",4
"ENSG00000123144",3
"ENSG00000123349",4
"ENSG00000123416",4
"ENSG00000123505",2
"ENSG00000123560",4
"ENSG00000123562",4
"ENSG00000123975",2
"ENSG00000123989",4
"ENSG00000124126",3
"ENSG00000124140",4
"ENSG00000124172",4
"ENSG00000124313",2
"ENSG00000124406",4
"ENSG00000124422",4
"ENSG00000124507",4
"ENSG00000124614",4
"ENSG00000124702",4
"ENSG00000124767",2
"ENSG00000124785",4
"ENSG00000124920",4
"ENSG00000124942",2
"ENSG00000125144",4
"ENSG00000125148",4
"ENSG00000125166",2
"ENSG00000125356",4
"ENSG00000125398",2
"ENSG00000125462",4
"ENSG00000125505",4
"ENSG00000125534",4
"ENSG00000125648",4
"ENSG00000125675",4
"ENSG00000125691",2
"ENSG00000125743",4
"ENSG00000125814",4
"ENSG00000125827",2
"ENSG00000125841",2
"ENSG00000125851",2
"ENSG00000125868",4
"ENSG00000125869",4
"ENSG00000125967",2
"ENSG00000125968",3
"ENSG00000125971",4
"ENSG00000125995",2
"ENSG00000126005",3
"ENSG00000126214",4
"ENSG00000126217",2
"ENSG00000126247",4
"ENSG00000126267",4
"ENSG00000126351",4
"ENSG00000126432",4
"ENSG00000126457",2
"ENSG00000126524",2
"ENSG00000126583",4
"ENSG00000126709",4
"ENSG00000126767",3
"ENSG00000126803",4
"ENSG00000126860",3
"ENSG00000126878",3
"ENSG00000126934",3
"ENSG00000126945",3
"ENSG00000126950",3
"ENSG00000127022",4
"ENSG00000127184",4
"ENSG00000127220",3
"ENSG00000127445",4
"ENSG00000127511",3
"ENSG00000127540",3
"ENSG00000127561",4
"ENSG00000127585",4
"ENSG00000127824",4
"ENSG00000127838",2
"ENSG00000127884",4
"ENSG00000127922",2
"ENSG00000127995",2
"ENSG00000128245",4
"ENSG00000128272",3
"ENSG00000128463",2
"ENSG00000128482",2
"ENSG00000128512",4
"ENSG00000128524",4
"ENSG00000128564",4
"ENSG00000128609",4
"ENSG00000128656",4
"ENSG00000128683",4
"ENSG00000128739",4
"ENSG00000128872",4
"ENSG00000128989",4
"ENSG00000129084",4
"ENSG00000129244",2
"ENSG00000129355",4
"ENSG00000129538",4
"ENSG00000129559",4
"ENSG00000129562",3
"ENSG00000129625",4
"ENSG00000129636",4
"ENSG00000129682",4
"ENSG00000129757",2
"ENSG00000129990",4
"ENSG00000130005",2
"ENSG00000130066",2
"ENSG00000130175",3
"ENSG00000130203",4
"ENSG00000130208",4
"ENSG00000130226",4
"ENSG00000130255",4
"ENSG00000130294",4
"ENSG00000130382",2
"ENSG00000130414",2
"ENSG00000130477",4
"ENSG00000130511",4
"ENSG00000130520",2
"ENSG00000130522",4
"ENSG00000130540",4
"ENSG00000130558",4
"ENSG00000130638",4
"ENSG00000130643",4
"ENSG00000130714",3
"ENSG00000130720",2
"ENSG00000130723",2
"ENSG00000130725",3
"ENSG00000130731",4
"ENSG00000130748",4
"ENSG00000130770",4
"ENSG00000130787",2
"ENSG00000130822",4
"ENSG00000130985",2
"ENSG00000131018",4
"ENSG00000131051",2
"ENSG00000131089",4
"ENSG00000131095",4
"ENSG00000131100",4
"ENSG00000131116",2
"ENSG00000131143",4
"ENSG00000131165",2
"ENSG00000131174",4
"ENSG00000131188",3
"ENSG00000131437",4
"ENSG00000131469",4
"ENSG00000131495",3
"ENSG00000131507",4
"ENSG00000131584",2
"ENSG00000131711",4
"ENSG00000131828",2
"ENSG00000131966",2
"ENSG00000132002",2
"ENSG00000132294",4
"ENSG00000132329",3
"ENSG00000132341",4
"ENSG00000132359",2
"ENSG00000132432",3
"ENSG00000132434",2
"ENSG00000132463",2
"ENSG00000132471",4
"ENSG00000132475",4
"ENSG00000132507",2
"ENSG00000132535",4
"ENSG00000132563",4
"ENSG00000132639",4
"ENSG00000132640",4
"ENSG00000132670",4
"ENSG00000132702",4
"ENSG00000132718",4
"ENSG00000132821",4
"ENSG00000132824",4
"ENSG00000132872",4
"ENSG00000132879",4
"ENSG00000132932",2
"ENSG00000132963",2
"ENSG00000133026",3
"ENSG00000133030",2
"ENSG00000133083",4
"ENSG00000133112",4
"ENSG00000133134",4
"ENSG00000133142",2
"ENSG00000133169",4
"ENSG00000133243",2
"ENSG00000133318",4
"ENSG00000133424",3
"ENSG00000133612",4
"ENSG00000133627",4
"ENSG00000133639",2
"ENSG00000133687",2
"ENSG00000133816",4
"ENSG00000133835",3
"ENSG00000133872",4
"ENSG00000133878",3
"ENSG00000134072",4
"ENSG00000134108",2
"ENSG00000134121",4
"ENSG00000134243",4
"ENSG00000134248",3
"ENSG00000134265",4
"ENSG00000134287",4
"ENSG00000134308",4
"ENSG00000134318",2
"ENSG00000134333",4
"ENSG00000134375",4
"ENSG00000134419",4
"ENSG00000134443",2
"ENSG00000134590",4
"ENSG00000134644",2
"ENSG00000134769",4
"ENSG00000134780",2
"ENSG00000134825",3
"ENSG00000134851",3
"ENSG00000134982",4
"ENSG00000134986",3
"ENSG00000135002",4
"ENSG00000135018",2
"ENSG00000135069",3
"ENSG00000135108",2
"ENSG00000135298",2
"ENSG00000135334",2
"ENSG00000135363",3
"ENSG00000135387",2
"ENSG00000135390",4
"ENSG00000135404",4
"ENSG00000135424",3
"ENSG00000135439",4
"ENSG00000135441",2
"ENSG00000135447",4
"ENSG00000135454",4
"ENSG00000135472",4
"ENSG00000135486",3
"ENSG00000135519",2
"ENSG00000135624",2
"ENSG00000135643",3
"ENSG00000135709",4
"ENSG00000135720",3
"ENSG00000135744",4
"ENSG00000135750",4
"ENSG00000135821",4
"ENSG00000135905",2
"ENSG00000135916",4
"ENSG00000135924",3
"ENSG00000135932",3
"ENSG00000135940",4
"ENSG00000136002",3
"ENSG00000136003",4
"ENSG00000136099",4
"ENSG00000136156",4
"ENSG00000136237",4
"ENSG00000136238",3
"ENSG00000136267",2
"ENSG00000136531",4
"ENSG00000136541",4
"ENSG00000136717",4
"ENSG00000136750",4
"ENSG00000136754",4
"ENSG00000136810",3
"ENSG00000136813",4
"ENSG00000136854",4
"ENSG00000136888",2
"ENSG00000136928",4
"ENSG00000136930",3
"ENSG00000136942",4
"ENSG00000136950",4
"ENSG00000136960",4
"ENSG00000136999",3
"ENSG00000137100",3
"ENSG00000137154",4
"ENSG00000137216",2
"ENSG00000137267",4
"ENSG00000137285",3
"ENSG00000137312",3
"ENSG00000137409",4
"ENSG00000137575",4
"ENSG00000137642",3
"ENSG00000137710",2
"ENSG00000137726",4
"ENSG00000137766",2
"ENSG00000137818",4
"ENSG00000137825",2
"ENSG00000137876",2
"ENSG00000137941",3
"ENSG00000138028",2
"ENSG00000138029",2
"ENSG00000138069",2
"ENSG00000138071",4
"ENSG00000138078",4
"ENSG00000138101",2
"ENSG00000138107",4
"ENSG00000138207",2
"ENSG00000138326",4
"ENSG00000138430",4
"ENSG00000138435",3
"ENSG00000138443",4
"ENSG00000138495",3
"ENSG00000138698",4
"ENSG00000138757",4
"ENSG00000138760",3
"ENSG00000138814",4
"ENSG00000138834",4
"ENSG00000139112",4
"ENSG00000139116",3
"ENSG00000139182",4
"ENSG00000139200",3
"ENSG00000139220",4
"ENSG00000139433",2
"ENSG00000139505",2
"ENSG00000139644",2
"ENSG00000139737",3
"ENSG00000139793",2
"ENSG00000139970",4
"ENSG00000139973",2
"ENSG00000139998",3
"ENSG00000140105",4
"ENSG00000140264",3
"ENSG00000140280",2
"ENSG00000140319",4
"ENSG00000140391",4
"ENSG00000140403",3
"ENSG00000140416",4
"ENSG00000140538",2
"ENSG00000140600",4
"ENSG00000140740",4
"ENSG00000140905",3
"ENSG00000140941",4
"ENSG00000140945",3
"ENSG00000140988",3
"ENSG00000140990",4
"ENSG00000140992",2
"ENSG00000141002",2
"ENSG00000141232",2
"ENSG00000141367",4
"ENSG00000141404",3
"ENSG00000141480",3
"ENSG00000141503",4
"ENSG00000141504",2
"ENSG00000141522",4
"ENSG00000141540",4
"ENSG00000141542",4
"ENSG00000141552",2
"ENSG00000141576",2
"ENSG00000141741",2
"ENSG00000141759",3
"ENSG00000141959",3
"ENSG00000142089",4
"ENSG00000142168",4
"ENSG00000142192",4
"ENSG00000142235",2
"ENSG00000142408",4
"ENSG00000142494",2
"ENSG00000142507",3
"ENSG00000142534",3
"ENSG00000142541",4
"ENSG00000142669",4
"ENSG00000142676",4
"ENSG00000142686",4
"ENSG00000142875",4
"ENSG00000142937",4
"ENSG00000143013",4
"ENSG00000143126",4
"ENSG00000143153",4
"ENSG00000143158",3
"ENSG00000143198",3
"ENSG00000143420",4
"ENSG00000143502",4
"ENSG00000143543",2
"ENSG00000143549",3
"ENSG00000143761",4
"ENSG00000143774",4
"ENSG00000143847",2
"ENSG00000143878",4
"ENSG00000143933",4
"ENSG00000143947",4
"ENSG00000144040",2
"ENSG00000144119",2
"ENSG00000144283",2
"ENSG00000144290",3
"ENSG00000144339",3
"ENSG00000144369",3
"ENSG00000144381",2
"ENSG00000144567",4
"ENSG00000144711",2
"ENSG00000144713",4
"ENSG00000144746",3
"ENSG00000144749",3
"ENSG00000144834",4
"ENSG00000144959",2
"ENSG00000145087",2
"ENSG00000145198",2
"ENSG00000145242",3
"ENSG00000145247",2
"ENSG00000145284",4
"ENSG00000145335",4
"ENSG00000145349",3
"ENSG00000145362",4
"ENSG00000145425",4
"ENSG00000145494",3
"ENSG00000145495",2
"ENSG00000145592",4
"ENSG00000145632",4
"ENSG00000145675",2
"ENSG00000145708",2
"ENSG00000145730",4
"ENSG00000145741",3
"ENSG00000145824",4
"ENSG00000145864",3
"ENSG00000145912",4
"ENSG00000145920",4
"ENSG00000145934",2
"ENSG00000145990",3
"ENSG00000146122",3
"ENSG00000146469",3
"ENSG00000146701",4
"ENSG00000146938",2
"ENSG00000147123",4
"ENSG00000147162",2
"ENSG00000147224",3
"ENSG00000147403",4
"ENSG00000147416",4
"ENSG00000147533",3
"ENSG00000147588",3
"ENSG00000147604",4
"ENSG00000147642",3
"ENSG00000147669",2
"ENSG00000147676",4
"ENSG00000147684",3
"ENSG00000148053",4
"ENSG00000148180",4
"ENSG00000148303",4
"ENSG00000148334",2
"ENSG00000148341",4
"ENSG00000148468",2
"ENSG00000148660",2
"ENSG00000148671",4
"ENSG00000148672",2
"ENSG00000148700",3
"ENSG00000148798",4
"ENSG00000148826",3
"ENSG00000148943",2
"ENSG00000149091",4
"ENSG00000149269",3
"ENSG00000149273",4
"ENSG00000149294",4
"ENSG00000149313",2
"ENSG00000149557",4
"ENSG00000149575",2
"ENSG00000149582",2
"ENSG00000149806",4
"ENSG00000149809",2
"ENSG00000149925",4
"ENSG00000149927",4
"ENSG00000149970",4
"ENSG00000150394",2
"ENSG00000150459",4
"ENSG00000150625",4
"ENSG00000150656",4
"ENSG00000150672",4
"ENSG00000150753",4
"ENSG00000150867",4
"ENSG00000150991",4
"ENSG00000150995",2
"ENSG00000151150",2
"ENSG00000151229",2
"ENSG00000151366",4
"ENSG00000151502",3
"ENSG00000151552",4
"ENSG00000151729",4
"ENSG00000151778",3
"ENSG00000151914",2
"ENSG00000152082",3
"ENSG00000152092",2
"ENSG00000152102",4
"ENSG00000152137",2
"ENSG00000152154",4
"ENSG00000152234",4
"ENSG00000152332",4
"ENSG00000152377",4
"ENSG00000152413",2
"ENSG00000152495",4
"ENSG00000152503",2
"ENSG00000152556",4
"ENSG00000152583",4
"ENSG00000152661",4
"ENSG00000152767",2
"ENSG00000152784",4
"ENSG00000152795",4
"ENSG00000152932",4
"ENSG00000152969",2
"ENSG00000153130",4
"ENSG00000153187",4
"ENSG00000153234",2
"ENSG00000153561",3
"ENSG00000153707",2
"ENSG00000153815",2
"ENSG00000153820",4
"ENSG00000153904",3
"ENSG00000153956",3
"ENSG00000154027",4
"ENSG00000154096",4
"ENSG00000154118",3
"ENSG00000154146",4
"ENSG00000154229",4
"ENSG00000154277",4
"ENSG00000154518",4
"ENSG00000154582",3
"ENSG00000154640",2
"ENSG00000154654",4
"ENSG00000154723",4
"ENSG00000154917",4
"ENSG00000155093",4
"ENSG00000155096",3
"ENSG00000155097",4
"ENSG00000155265",4
"ENSG00000155368",4
"ENSG00000155506",4
"ENSG00000155511",4
"ENSG00000155849",3
"ENSG00000155876",4
"ENSG00000155886",4
"ENSG00000155970",3
"ENSG00000155980",4
"ENSG00000156011",4
"ENSG00000156052",3
"ENSG00000156076",3
"ENSG00000156261",3
"ENSG00000156298",4
"ENSG00000156299",3
"ENSG00000156411",4
"ENSG00000156467",3
"ENSG00000156482",4
"ENSG00000156508",4
"ENSG00000156515",4
"ENSG00000156642",4
"ENSG00000156735",2
"ENSG00000156976",4
"ENSG00000157005",4
"ENSG00000157064",4
"ENSG00000157087",4
"ENSG00000157103",4
"ENSG00000157152",4
"ENSG00000157404",4
"ENSG00000157782",4
"ENSG00000157827",3
"ENSG00000158050",2
"ENSG00000158106",2
"ENSG00000158109",4
"ENSG00000158258",4
"ENSG00000158301",2
"ENSG00000158560",4
"ENSG00000158747",4
"ENSG00000158828",4
"ENSG00000158856",4
"ENSG00000158864",4
"ENSG00000158985",2
"ENSG00000159082",4
"ENSG00000159164",4
"ENSG00000159176",4
"ENSG00000159199",4
"ENSG00000159228",4
"ENSG00000159335",4
"ENSG00000159363",4
"ENSG00000159377",3
"ENSG00000159409",3
"ENSG00000159685",4
"ENSG00000159692",2
"ENSG00000159713",4
"ENSG00000159720",4
"ENSG00000159753",4
"ENSG00000159842",4
"ENSG00000160007",4
"ENSG00000160014",4
"ENSG00000160075",2
"ENSG00000160131",2
"ENSG00000160145",3
"ENSG00000160213",2
"ENSG00000160307",4
"ENSG00000160408",3
"ENSG00000160445",3
"ENSG00000160460",2
"ENSG00000160678",3
"ENSG00000160714",2
"ENSG00000160781",4
"ENSG00000160932",4
"ENSG00000161016",4
"ENSG00000161082",2
"ENSG00000161091",3
"ENSG00000161203",4
"ENSG00000161281",4
"ENSG00000161960",4
"ENSG00000161970",4
"ENSG00000162065",2
"ENSG00000162188",4
"ENSG00000162244",4
"ENSG00000162374",2
"ENSG00000162378",3
"ENSG00000162407",3
"ENSG00000162517",2
"ENSG00000162545",4
"ENSG00000162616",2
"ENSG00000162704",2
"ENSG00000162706",4
"ENSG00000162729",3
"ENSG00000162734",4
"ENSG00000162772",2
"ENSG00000162783",2
"ENSG00000162910",2
"ENSG00000162951",2
"ENSG00000162975",2
"ENSG00000162989",2
"ENSG00000163032",4
"ENSG00000163041",4
"ENSG00000163399",4
"ENSG00000163453",2
"ENSG00000163466",4
"ENSG00000163531",2
"ENSG00000163536",4
"ENSG00000163539",2
"ENSG00000163618",4
"ENSG00000163630",4
"ENSG00000163634",2
"ENSG00000163637",2
"ENSG00000163682",4
"ENSG00000163888",2
"ENSG00000163930",3
"ENSG00000163947",2
"ENSG00000163956",3
"ENSG00000164032",4
"ENSG00000164050",3
"ENSG00000164061",4
"ENSG00000164076",4
"ENSG00000164091",2
"ENSG00000164106",4
"ENSG00000164124",4
"ENSG00000164176",4
"ENSG00000164187",3
"ENSG00000164209",2
"ENSG00000164236",2
"ENSG00000164326",4
"ENSG00000164402",4
"ENSG00000164405",4
"ENSG00000164434",4
"ENSG00000164587",4
"ENSG00000164600",4
"ENSG00000164638",3
"ENSG00000164687",4
"ENSG00000164694",2
"ENSG00000164733",4
"ENSG00000164742",3
"ENSG00000164830",3
"ENSG00000164885",4
"ENSG00000164919",4
"ENSG00000164924",4
"ENSG00000164929",3
"ENSG00000165023",4
"ENSG00000165119",3
"ENSG00000165152",4
"ENSG00000165169",4
"ENSG00000165238",2
"ENSG00000165264",4
"ENSG00000165280",2
"ENSG00000165300",2
"ENSG00000165410",3
"ENSG00000165434",4
"ENSG00000165443",3
"ENSG00000165478",4
"ENSG00000165502",3
"ENSG00000165566",3
"ENSG00000165629",4
"ENSG00000165637",4
"ENSG00000165672",2
"ENSG00000165678",4
"ENSG00000165704",4
"ENSG00000165752",3
"ENSG00000165795",4
"ENSG00000165802",4
"ENSG00000165810",2
"ENSG00000165868",4
"ENSG00000165943",4
"ENSG00000165973",2
"ENSG00000166006",3
"ENSG00000166033",3
"ENSG00000166086",3
"ENSG00000166091",3
"ENSG00000166111",4
"ENSG00000166136",3
"ENSG00000166165",4
"ENSG00000166173",4
"ENSG00000166206",4
"ENSG00000166257",4
"ENSG00000166313",4
"ENSG00000166402",2
"ENSG00000166411",4
"ENSG00000166441",2
"ENSG00000166448",4
"ENSG00000166501",4
"ENSG00000166562",2
"ENSG00000166579",2
"ENSG00000166595",2
"ENSG00000166619",4
"ENSG00000166681",4
"ENSG00000166710",4
"ENSG00000166770",4
"ENSG00000166780",4
"ENSG00000166823",2
"ENSG00000166848",4
"ENSG00000166863",2
"ENSG00000166913",4
"ENSG00000166922",4
"ENSG00000166925",4
"ENSG00000166963",4
"ENSG00000166974",4
"ENSG00000167113",2
"ENSG00000167123",4
"ENSG00000167191",4
"ENSG00000167281",3
"ENSG00000167283",4
"ENSG00000167371",3
"ENSG00000167468",4
"ENSG00000167526",4
"ENSG00000167535",2
"ENSG00000167552",4
"ENSG00000167614",3
"ENSG00000167641",4
"ENSG00000167642",4
"ENSG00000167654",2
"ENSG00000167671",3
"ENSG00000167680",4
"ENSG00000167702",3
"ENSG00000167755",3
"ENSG00000167770",4
"ENSG00000167778",4
"ENSG00000167792",2
"ENSG00000167815",4
"ENSG00000167863",4
"ENSG00000167964",4
"ENSG00000167972",4
"ENSG00000167986",2
"ENSG00000167996",4
"ENSG00000168000",4
"ENSG00000168028",4
"ENSG00000168036",2
"ENSG00000168135",2
"ENSG00000168159",4
"ENSG00000168275",2
"ENSG00000168280",4
"ENSG00000168309",4
"ENSG00000168314",4
"ENSG00000168374",2
"ENSG00000168385",3
"ENSG00000168481",2
"ENSG00000168490",4
"ENSG00000168539",2
"ENSG00000168653",4
"ENSG00000168710",4
"ENSG00000168734",4
"ENSG00000168785",2
"ENSG00000168824",4
"ENSG00000168906",4
"ENSG00000168913",3
"ENSG00000168952",3
"ENSG00000168959",2
"ENSG00000168993",4
"ENSG00000169018",2
"ENSG00000169020",4
"ENSG00000169021",4
"ENSG00000169032",4
"ENSG00000169085",4
"ENSG00000169100",3
"ENSG00000169116",2
"ENSG00000169139",3
"ENSG00000169169",3
"ENSG00000169220",4
"ENSG00000169258",2
"ENSG00000169282",4
"ENSG00000169398",2
"ENSG00000169499",3
"ENSG00000169504",2
"ENSG00000169567",4
"ENSG00000169710",3
"ENSG00000169714",3
"ENSG00000169715",4
"ENSG00000169738",3
"ENSG00000169744",3
"ENSG00000169764",3
"ENSG00000169783",4
"ENSG00000169851",2
"ENSG00000169976",2
"ENSG00000170004",2
"ENSG00000170017",2
"ENSG00000170027",4
"ENSG00000170035",4
"ENSG00000170043",2
"ENSG00000170075",2
"ENSG00000170091",4
"ENSG00000170144",2
"ENSG00000170296",4
"ENSG00000170315",4
"ENSG00000170348",3
"ENSG00000170382",2
"ENSG00000170390",2
"ENSG00000170500",4
"ENSG00000170525",2
"ENSG00000170540",4
"ENSG00000170579",4
"ENSG00000170634",2
"ENSG00000170775",3
"ENSG00000170889",4
"ENSG00000170906",4
"ENSG00000170915",3
"ENSG00000170921",2
"ENSG00000171033",4
"ENSG00000171130",4
"ENSG00000171132",4
"ENSG00000171159",4
"ENSG00000171224",2
"ENSG00000171246",4
"ENSG00000171314",4
"ENSG00000171368",4
"ENSG00000171385",2
"ENSG00000171450",3
"ENSG00000171476",4
"ENSG00000171530",2
"ENSG00000171532",4
"ENSG00000171603",4
"ENSG00000171604",2
"ENSG00000171617",4
"ENSG00000171680",2
"ENSG00000171766",4
"ENSG00000171858",4
"ENSG00000171863",4
"ENSG00000171867",4
"ENSG00000171885",4
"ENSG00000171951",4
"ENSG00000171992",2
"ENSG00000172005",4
"ENSG00000172020",4
"ENSG00000172115",4
"ENSG00000172137",3
"ENSG00000172201",3
"ENSG00000172247",4
"ENSG00000172260",4
"ENSG00000172270",4
"ENSG00000172301",3
"ENSG00000172348",3
"ENSG00000172354",4
"ENSG00000172375",2
"ENSG00000172379",4
"ENSG00000172428",4
"ENSG00000172508",4
"ENSG00000172531",3
"ENSG00000172575",2
"ENSG00000172590",2
"ENSG00000172757",4
"ENSG00000172809",4
"ENSG00000172915",3
"ENSG00000172995",2
"ENSG00000173020",2
"ENSG00000173110",2
"ENSG00000173113",2
"ENSG00000173141",2
"ENSG00000173221",4
"ENSG00000173258",4
"ENSG00000173267",4
"ENSG00000173272",4
"ENSG00000173436",2
"ENSG00000173542",3
"ENSG00000173660",4
"ENSG00000173692",2
"ENSG00000173726",4
"ENSG00000173786",4
"ENSG00000173812",4
"ENSG00000173898",3
"ENSG00000173915",4
"ENSG00000174437",4
"ENSG00000174444",4
"ENSG00000174456",3
"ENSG00000174460",4
"ENSG00000174469",3
"ENSG00000174514",4
"ENSG00000174521",4
"ENSG00000174607",3
"ENSG00000174684",4
"ENSG00000174695",2
"ENSG00000174748",4
"ENSG00000174791",2
"ENSG00000174871",4
"ENSG00000174886",3
"ENSG00000174917",2
"ENSG00000174938",4
"ENSG00000174939",2
"ENSG00000174943",2
"ENSG00000174996",4
"ENSG00000175061",3
"ENSG00000175130",4
"ENSG00000175161",4
"ENSG00000175166",3
"ENSG00000175175",4
"ENSG00000175182",4
"ENSG00000175203",2
"ENSG00000175264",4
"ENSG00000175265",2
"ENSG00000175334",2
"ENSG00000175352",4
"ENSG00000175416",4
"ENSG00000175471",2
"ENSG00000175550",2
"ENSG00000175582",4
"ENSG00000175602",4
"ENSG00000175606",3
"ENSG00000175701",2
"ENSG00000175756",2
"ENSG00000175768",2
"ENSG00000175866",4
"ENSG00000175874",4
"ENSG00000175906",2
"ENSG00000176101",2
"ENSG00000176165",2
"ENSG00000176171",4
"ENSG00000176340",4
"ENSG00000176485",4
"ENSG00000176490",2
"ENSG00000176697",2
"ENSG00000176749",4
"ENSG00000176788",4
"ENSG00000176840",3
"ENSG00000176871",4
"ENSG00000176884",4
"ENSG00000176903",2
"ENSG00000176956",4
"ENSG00000177156",2
"ENSG00000177169",2
"ENSG00000177301",2
"ENSG00000177380",3
"ENSG00000177432",4
"ENSG00000177511",4
"ENSG00000177542",4
"ENSG00000177556",3
"ENSG00000177576",2
"ENSG00000177600",3
"ENSG00000177614",4
"ENSG00000177700",4
"ENSG00000177807",3
"ENSG00000177879",4
"ENSG00000177885",4
"ENSG00000177889",4
"ENSG00000177954",4
"ENSG00000178057",2
"ENSG00000178104",3
"ENSG00000178127",3
"ENSG00000178209",2
"ENSG00000178233",4
"ENSG00000178381",2
"ENSG00000178449",3
"ENSG00000178467",4
"ENSG00000178498",2
"ENSG00000178531",4
"ENSG00000178695",2
"ENSG00000178719",4
"ENSG00000178741",4
"ENSG00000178947",3
"ENSG00000178974",3
"ENSG00000178980",4
"ENSG00000178982",2
"ENSG00000179010",4
"ENSG00000179091",3
"ENSG00000179094",2
"ENSG00000179222",4
"ENSG00000179292",4
"ENSG00000179364",3
"ENSG00000179388",3
"ENSG00000179403",2
"ENSG00000179456",4
"ENSG00000179604",2
"ENSG00000179841",2
"ENSG00000179915",4
"ENSG00000180155",4
"ENSG00000180354",4
"ENSG00000180440",2
"ENSG00000180817",3
"ENSG00000180828",4
"ENSG00000180834",2
"ENSG00000180879",3
"ENSG00000181029",4
"ENSG00000181061",3
"ENSG00000181163",2
"ENSG00000181218",2
"ENSG00000181409",4
"ENSG00000181418",3
"ENSG00000181449",2
"ENSG00000181467",3
"ENSG00000181790",2
"ENSG00000182013",4
"ENSG00000182117",2
"ENSG00000182154",2
"ENSG00000182195",4
"ENSG00000182220",4
"ENSG00000182247",4
"ENSG00000182400",2
"ENSG00000182534",4
"ENSG00000182600",4
"ENSG00000182621",4
"ENSG00000182636",4
"ENSG00000182670",4
"ENSG00000182768",4
"ENSG00000182774",3
"ENSG00000182809",4
"ENSG00000182870",3
"ENSG00000182899",4
"ENSG00000182901",2
"ENSG00000182916",2
"ENSG00000183011",3
"ENSG00000183020",4
"ENSG00000183023",4
"ENSG00000183036",4
"ENSG00000183049",4
"ENSG00000183172",2
"ENSG00000183255",2
"ENSG00000183283",3
"ENSG00000183454",4
"ENSG00000183578",2
"ENSG00000183648",4
"ENSG00000183662",2
"ENSG00000183715",4
"ENSG00000183741",3
"ENSG00000183775",3
"ENSG00000183978",3
"ENSG00000184007",4
"ENSG00000184009",4
"ENSG00000184014",2
"ENSG00000184076",4
"ENSG00000184144",4
"ENSG00000184156",2
"ENSG00000184205",3
"ENSG00000184207",4
"ENSG00000184221",4
"ENSG00000184277",4
"ENSG00000184368",3
"ENSG00000184515",4
"ENSG00000184524",4
"ENSG00000184602",4
"ENSG00000184613",4
"ENSG00000184702",3
"ENSG00000184752",3
"ENSG00000184897",3
"ENSG00000184900",4
"ENSG00000184905",4
"ENSG00000184922",2
"ENSG00000184983",2
"ENSG00000185046",4
"ENSG00000185052",4
"ENSG00000185088",2
"ENSG00000185274",4
"ENSG00000185352",4
"ENSG00000185432",3
"ENSG00000185518",4
"ENSG00000185565",4
"ENSG00000185650",2
"ENSG00000185658",4
"ENSG00000185742",4
"ENSG00000185760",3
"ENSG00000185774",2
"ENSG00000185787",4
"ENSG00000185818",4
"ENSG00000185825",4
"ENSG00000185883",4
"ENSG00000185896",3
"ENSG00000186010",3
"ENSG00000186111",3
"ENSG00000186260",4
"ENSG00000186297",4
"ENSG00000186310",4
"ENSG00000186318",2
"ENSG00000186395",2
"ENSG00000186462",4
"ENSG00000186468",4
"ENSG00000186469",4
"ENSG00000186472",3
"ENSG00000186480",2
"ENSG00000186487",4
"ENSG00000186577",2
"ENSG00000186642",4
"ENSG00000186716",2
"ENSG00000186732",4
"ENSG00000186868",4
"ENSG00000187051",3
"ENSG00000187094",4
"ENSG00000187122",4
"ENSG00000187164",4
"ENSG00000187189",3
"ENSG00000187193",3
"ENSG00000187446",3
"ENSG00000187479",2
"ENSG00000187514",4
"ENSG00000187601",2
"ENSG00000187672",2
"ENSG00000187730",3
"ENSG00000187764",3
"ENSG00000187957",2
"ENSG00000188011",2
"ENSG00000188186",3
"ENSG00000188191",4
"ENSG00000188229",4
"ENSG00000188243",3
"ENSG00000188536",4
"ENSG00000188612",4
"ENSG00000188674",3
"ENSG00000188690",4
"ENSG00000188706",2
"ENSG00000188760",2
"ENSG00000188803",4
"ENSG00000188846",3
"ENSG00000189043",4
"ENSG00000189056",3
"ENSG00000189058",4
"ENSG00000189129",2
"ENSG00000189159",4
"ENSG00000189171",3
"ENSG00000189241",4
"ENSG00000189367",2
"ENSG00000189403",2
"ENSG00000196104",4
"ENSG00000196136",2
"ENSG00000196230",4
"ENSG00000196262",4
"ENSG00000196353",4
"ENSG00000196361",3
"ENSG00000196465",3
"ENSG00000196531",3
"ENSG00000196562",3
"ENSG00000196628",2
"ENSG00000196683",3
"ENSG00000196730",2
"ENSG00000196776",2
"ENSG00000196872",3
"ENSG00000196876",4
"ENSG00000196937",4
"ENSG00000196950",3
"ENSG00000196961",4
"ENSG00000196976",3
"ENSG00000197043",4
"ENSG00000197045",4
"ENSG00000197102",3
"ENSG00000197106",3
"ENSG00000197283",2
"ENSG00000197381",2
"ENSG00000197430",4
"ENSG00000197444",3
"ENSG00000197457",4
"ENSG00000197535",4
"ENSG00000197555",3
"ENSG00000197586",4
"ENSG00000197601",2
"ENSG00000197694",4
"ENSG00000197728",4
"ENSG00000197746",4
"ENSG00000197747",4
"ENSG00000197756",4
"ENSG00000197872",3
"ENSG00000197943",2
"ENSG00000197956",3
"ENSG00000197958",4
"ENSG00000197959",3
"ENSG00000197971",4
"ENSG00000197982",3
"ENSG00000198034",4
"ENSG00000198053",4
"ENSG00000198121",4
"ENSG00000198168",2
"ENSG00000198216",3
"ENSG00000198242",4
"ENSG00000198258",4
"ENSG00000198300",4
"ENSG00000198408",4
"ENSG00000198417",4
"ENSG00000198420",2
"ENSG00000198478",2
"ENSG00000198513",4
"ENSG00000198576",2
"ENSG00000198598",2
"ENSG00000198612",3
"ENSG00000198626",2
"ENSG00000198668",4
"ENSG00000198673",3
"ENSG00000198689",4
"ENSG00000198695",4
"ENSG00000198712",4
"ENSG00000198727",4
"ENSG00000198755",3
"ENSG00000198763",4
"ENSG00000198786",4
"ENSG00000198794",4
"ENSG00000198804",4
"ENSG00000198822",2
"ENSG00000198825",4
"ENSG00000198830",4
"ENSG00000198832",4
"ENSG00000198836",2
"ENSG00000198840",4
"ENSG00000198843",2
"ENSG00000198886",4
"ENSG00000198888",4
"ENSG00000198898",4
"ENSG00000198899",4
"ENSG00000198910",2
"ENSG00000198911",3
"ENSG00000198918",4
"ENSG00000198932",4
"ENSG00000198934",2
"ENSG00000198938",4
"ENSG00000198944",2
"ENSG00000198961",4
"ENSG00000203485",3
"ENSG00000203618",3
"ENSG00000203685",2
"ENSG00000203879",4
"ENSG00000203930",4
"ENSG00000204065",2
"ENSG00000204217",3
"ENSG00000204262",2
"ENSG00000204287",3
"ENSG00000204314",4
"ENSG00000204389",3
"ENSG00000204435",2
"ENSG00000204580",3
"ENSG00000204592",2
"ENSG00000204628",3
"ENSG00000204655",3
"ENSG00000204681",4
"ENSG00000204843",4
"ENSG00000204851",4
"ENSG00000204899",2
"ENSG00000205336",2
"ENSG00000205364",4
"ENSG00000205542",4
"ENSG00000205704",2
"ENSG00000205937",4
"ENSG00000206052",2
"ENSG00000206172",3
"ENSG00000206503",2
"ENSG00000207955",3
"ENSG00000211450",4
"ENSG00000211584",4
"ENSG00000212907",4
"ENSG00000213190",4
"ENSG00000213465",4
"ENSG00000213585",4
"ENSG00000213619",3
"ENSG00000213639",4
"ENSG00000213741",4
"ENSG00000213760",4
"ENSG00000213983",2
"ENSG00000214253",4
"ENSG00000214279",2
"ENSG00000214517",2
"ENSG00000214548",4
"ENSG00000214736",2
"ENSG00000215218",4
"ENSG00000215252",2
"ENSG00000215788",2
"ENSG00000215845",3
"ENSG00000219200",4
"ENSG00000219438",3
"ENSG00000220205",4
"ENSG00000221823",3
"ENSG00000221866",2
"ENSG00000221869",3
"ENSG00000221890",4
"ENSG00000221946",4
"ENSG00000221983",3
"ENSG00000224032",2
"ENSG00000224078",4
"ENSG00000224531",2
"ENSG00000224877",2
"ENSG00000225465",2
"ENSG00000225783",2
"ENSG00000227051",2
"ENSG00000227544",2
"ENSG00000228253",4
"ENSG00000228474",3
"ENSG00000229117",4
"ENSG00000229833",3
"ENSG00000230989",2
"ENSG00000231500",4
"ENSG00000232112",4
"ENSG00000232119",4
"ENSG00000232388",2
"ENSG00000232859",3
"ENSG00000233016",2
"ENSG00000233927",4
"ENSG00000234745",2
"ENSG00000236154",2
"ENSG00000237289",2
"ENSG00000237949",4
"ENSG00000239672",4
"ENSG00000239911",3
"ENSG00000240583",4
"ENSG00000240694",4
"ENSG00000240771",3
"ENSG00000240972",4
"ENSG00000241343",4
"ENSG00000241360",4
"ENSG00000241468",4
"ENSG00000241553",4
"ENSG00000241563",4
"ENSG00000241685",4
"ENSG00000241697",2
"ENSG00000241837",3
"ENSG00000241973",4
"ENSG00000242173",4
"ENSG00000242265",4
"ENSG00000242485",2
"ENSG00000242808",4
"ENSG00000243147",4
"ENSG00000243449",4
"ENSG00000243678",4
"ENSG00000243927",2
"ENSG00000244187",3
"ENSG00000244274",4
"ENSG00000244687",2
"ENSG00000244734",4
"ENSG00000245532",3
"ENSG00000245910",4
"ENSG00000248487",4
"ENSG00000249915",3
"ENSG00000249992",4
"ENSG00000250067",4
"ENSG00000250479",4
"ENSG00000250510",4
"ENSG00000250722",4
"ENSG00000251562",4
"ENSG00000253230",3
"ENSG00000254999",4
"ENSG00000255302",3
"ENSG00000255823",4
"ENSG00000256045",3
"ENSG00000257704",2
"ENSG00000258947",4
"ENSG00000259417",2
"ENSG00000260032",4
"ENSG00000260230",4
"ENSG00000260807",2
"ENSG00000262655",2
"ENSG00000263001",3
"ENSG00000264364",4
"ENSG00000265681",4
"ENSG00000265972",2
"ENSG00000266402",4
"ENSG00000266472",3
"ENSG00000266964",3
"ENSG00000267673",3
"ENSG00000267855",2
"ENSG00000268089",3
"ENSG00000269028",4
"ENSG00000269893",2
"ENSG00000272398",4
"ENSG00000272636",2
"ENSG00000272888",4
"ENSG00000273079",2
"ENSG00000273238",2
"ENSG00000276293",2
"ENSG00000276462",2
"ENSG00000277443",2
"ENSG00000277586",4
"ENSG00000277791",4
"ENSG00000280165",2
"ENSG00000282885",3
"ENSG00000283103",3
"ENSG00000286214",4
"ENSG00000286961",3
