"","gene_id","n"
"1","ENSG00000002330",2
"2","ENSG00000002586",4
"3","ENSG00000004059",4
"4","ENSG00000004660",4
"5","ENSG00000004779",4
"6","ENSG00000005022",2
"7","ENSG00000005249",2
"8","ENSG00000005379",2
"9","ENSG00000005486",4
"10","ENSG00000005513",3
"11","ENSG00000005810",4
"12","ENSG00000005882",3
"13","ENSG00000005893",4
"14","ENSG00000006007",3
"15","ENSG00000006015",3
"16","ENSG00000006116",4
"17","ENSG00000006125",4
"18","ENSG00000006128",4
"19","ENSG00000006210",4
"20","ENSG00000006652",2
"21","ENSG00000007168",4
"22","ENSG00000007237",2
"23","ENSG00000007516",4
"24","ENSG00000008018",2
"25","ENSG00000008056",4
"26","ENSG00000008277",3
"27","ENSG00000008294",2
"28","ENSG00000008710",4
"29","ENSG00000008735",4
"30","ENSG00000008988",3
"31","ENSG00000010256",4
"32","ENSG00000010278",4
"33","ENSG00000010282",2
"34","ENSG00000010322",4
"35","ENSG00000010404",4
"36","ENSG00000011009",3
"37","ENSG00000011295",3
"38","ENSG00000011347",3
"39","ENSG00000011426",3
"40","ENSG00000012171",3
"41","ENSG00000012232",2
"42","ENSG00000013016",3
"43","ENSG00000013293",3
"44","ENSG00000013297",4
"45","ENSG00000013441",2
"46","ENSG00000014641",4
"47","ENSG00000015592",4
"48","ENSG00000015676",4
"49","ENSG00000018189",3
"50","ENSG00000018236",4
"51","ENSG00000018625",4
"52","ENSG00000019144",3
"53","ENSG00000019505",4
"54","ENSG00000019582",4
"55","ENSG00000020129",4
"56","ENSG00000021300",4
"57","ENSG00000021645",3
"58","ENSG00000022267",4
"59","ENSG00000022355",4
"60","ENSG00000023171",3
"61","ENSG00000023191",3
"62","ENSG00000023228",2
"63","ENSG00000023516",3
"64","ENSG00000023734",4
"65","ENSG00000024862",2
"66","ENSG00000025772",4
"67","ENSG00000026025",4
"68","ENSG00000028839",2
"69","ENSG00000031698",4
"70","ENSG00000033122",2
"71","ENSG00000033627",4
"72","ENSG00000034053",4
"73","ENSG00000034510",4
"74","ENSG00000034713",4
"75","ENSG00000035862",4
"76","ENSG00000036530",4
"77","ENSG00000037042",2
"78","ENSG00000038382",3
"79","ENSG00000040608",2
"80","ENSG00000040933",2
"81","ENSG00000041357",2
"82","ENSG00000042753",4
"83","ENSG00000044115",3
"84","ENSG00000044574",3
"85","ENSG00000046653",4
"86","ENSG00000047249",4
"87","ENSG00000047849",4
"88","ENSG00000048540",4
"89","ENSG00000048740",4
"90","ENSG00000049759",2
"91","ENSG00000050165",4
"92","ENSG00000050748",4
"93","ENSG00000051596",3
"94","ENSG00000052802",3
"95","ENSG00000053438",4
"96","ENSG00000054148",2
"97","ENSG00000054356",4
"98","ENSG00000054523",4
"99","ENSG00000054690",4
"100","ENSG00000054793",4
"101","ENSG00000055163",4
"102","ENSG00000055813",3
"103","ENSG00000057757",4
"104","ENSG00000058091",4
"105","ENSG00000058335",4
"106","ENSG00000058404",4
"107","ENSG00000058668",4
"108","ENSG00000058866",2
"109","ENSG00000059758",3
"110","ENSG00000059804",3
"111","ENSG00000059915",4
"112","ENSG00000060709",2
"113","ENSG00000061676",4
"114","ENSG00000061918",4
"115","ENSG00000063015",2
"116","ENSG00000063177",4
"117","ENSG00000063180",4
"118","ENSG00000063245",3
"119","ENSG00000063854",4
"120","ENSG00000064393",3
"121","ENSG00000064607",3
"122","ENSG00000064651",3
"123","ENSG00000064787",4
"124","ENSG00000065000",2
"125","ENSG00000065154",3
"126","ENSG00000065518",4
"127","ENSG00000065548",3
"128","ENSG00000065559",4
"129","ENSG00000065609",4
"130","ENSG00000065809",3
"131","ENSG00000066032",3
"132","ENSG00000066248",2
"133","ENSG00000066322",4
"134","ENSG00000066468",3
"135","ENSG00000067057",4
"136","ENSG00000067064",3
"137","ENSG00000067191",3
"138","ENSG00000067221",3
"139","ENSG00000067225",4
"140","ENSG00000067560",3
"141","ENSG00000067606",4
"142","ENSG00000067715",4
"143","ENSG00000067829",4
"144","ENSG00000067836",3
"145","ENSG00000067840",4
"146","ENSG00000067842",3
"147","ENSG00000067992",3
"148","ENSG00000068078",3
"149","ENSG00000068366",3
"150","ENSG00000068615",2
"151","ENSG00000068903",4
"152","ENSG00000069275",3
"153","ENSG00000069329",4
"154","ENSG00000069424",4
"155","ENSG00000069535",3
"156","ENSG00000070087",4
"157","ENSG00000070214",4
"158","ENSG00000070413",3
"159","ENSG00000070718",2
"160","ENSG00000070808",4
"161","ENSG00000070831",2
"162","ENSG00000070961",4
"163","ENSG00000071054",2
"164","ENSG00000071082",4
"165","ENSG00000071127",3
"166","ENSG00000071553",4
"167","ENSG00000072062",2
"168","ENSG00000072071",4
"169","ENSG00000072110",2
"170","ENSG00000072274",2
"171","ENSG00000072657",2
"172","ENSG00000072778",3
"173","ENSG00000072832",4
"174","ENSG00000073670",3
"175","ENSG00000073910",2
"176","ENSG00000073969",4
"177","ENSG00000074211",4
"178","ENSG00000074317",4
"179","ENSG00000074696",2
"180","ENSG00000074800",4
"181","ENSG00000074842",2
"182","ENSG00000075035",2
"183","ENSG00000075043",4
"184","ENSG00000075089",2
"185","ENSG00000075340",2
"186","ENSG00000075415",3
"187","ENSG00000075618",3
"188","ENSG00000075624",4
"189","ENSG00000075785",2
"190","ENSG00000075945",4
"191","ENSG00000076554",4
"192","ENSG00000076864",4
"193","ENSG00000077264",3
"194","ENSG00000077549",4
"195","ENSG00000077782",2
"196","ENSG00000078018",4
"197","ENSG00000078053",4
"198","ENSG00000078114",3
"199","ENSG00000078140",3
"200","ENSG00000078304",2
"201","ENSG00000078328",4
"202","ENSG00000078369",4
"203","ENSG00000078668",4
"204","ENSG00000078725",3
"205","ENSG00000078804",3
"206","ENSG00000078902",4
"207","ENSG00000079215",4
"208","ENSG00000079459",3
"209","ENSG00000079841",3
"210","ENSG00000080298",2
"211","ENSG00000080503",2
"212","ENSG00000080822",4
"213","ENSG00000080824",4
"214","ENSG00000080845",2
"215","ENSG00000081189",2
"216","ENSG00000081760",2
"217","ENSG00000082397",3
"218","ENSG00000082458",3
"219","ENSG00000082641",4
"220","ENSG00000082996",3
"221","ENSG00000083720",4
"222","ENSG00000083845",4
"223","ENSG00000084070",3
"224","ENSG00000084207",4
"225","ENSG00000084234",4
"226","ENSG00000084444",4
"227","ENSG00000084710",4
"228","ENSG00000084731",4
"229","ENSG00000084764",4
"230","ENSG00000085063",3
"231","ENSG00000085365",3
"232","ENSG00000085433",3
"233","ENSG00000085662",2
"234","ENSG00000085832",3
"235","ENSG00000086061",4
"236","ENSG00000086289",4
"237","ENSG00000086300",4
"238","ENSG00000086504",4
"239","ENSG00000087074",2
"240","ENSG00000087086",4
"241","ENSG00000087250",4
"242","ENSG00000087258",4
"243","ENSG00000087460",4
"244","ENSG00000087470",3
"245","ENSG00000088367",3
"246","ENSG00000088387",3
"247","ENSG00000088832",4
"248","ENSG00000088899",3
"249","ENSG00000088986",4
"250","ENSG00000088992",4
"251","ENSG00000089009",3
"252","ENSG00000089063",2
"253","ENSG00000089157",3
"254","ENSG00000089169",3
"255","ENSG00000089199",4
"256","ENSG00000089220",4
"257","ENSG00000089280",2
"258","ENSG00000089486",4
"259","ENSG00000089693",4
"260","ENSG00000089737",4
"261","ENSG00000089818",4
"262","ENSG00000090097",2
"263","ENSG00000090238",4
"264","ENSG00000090266",3
"265","ENSG00000090581",2
"266","ENSG00000091129",4
"267","ENSG00000091157",3
"268","ENSG00000091164",3
"269","ENSG00000091428",4
"270","ENSG00000091513",4
"271","ENSG00000092051",4
"272","ENSG00000092096",4
"273","ENSG00000092199",3
"274","ENSG00000092445",2
"275","ENSG00000092529",3
"276","ENSG00000092621",2
"277","ENSG00000092820",4
"278","ENSG00000092841",4
"279","ENSG00000092964",4
"280","ENSG00000093010",3
"281","ENSG00000096092",3
"282","ENSG00000096384",4
"283","ENSG00000097021",4
"284","ENSG00000099194",4
"285","ENSG00000099250",2
"286","ENSG00000099308",4
"287","ENSG00000099341",4
"288","ENSG00000099365",4
"289","ENSG00000099622",4
"290","ENSG00000099624",4
"291","ENSG00000099795",3
"292","ENSG00000099797",2
"293","ENSG00000099817",4
"294","ENSG00000099860",2
"295","ENSG00000099977",3
"296","ENSG00000100030",4
"297","ENSG00000100077",3
"298","ENSG00000100095",4
"299","ENSG00000100097",4
"300","ENSG00000100138",3
"301","ENSG00000100142",2
"302","ENSG00000100167",4
"303","ENSG00000100201",4
"304","ENSG00000100242",4
"305","ENSG00000100276",2
"306","ENSG00000100285",4
"307","ENSG00000100314",3
"308","ENSG00000100316",4
"309","ENSG00000100320",3
"310","ENSG00000100321",4
"311","ENSG00000100364",4
"312","ENSG00000100379",4
"313","ENSG00000100380",2
"314","ENSG00000100387",2
"315","ENSG00000100401",4
"316","ENSG00000100412",2
"317","ENSG00000100427",3
"318","ENSG00000100442",3
"319","ENSG00000100505",3
"320","ENSG00000100554",4
"321","ENSG00000100604",4
"322","ENSG00000100605",2
"323","ENSG00000100626",3
"324","ENSG00000100650",3
"325","ENSG00000100664",3
"326","ENSG00000100804",4
"327","ENSG00000100884",4
"328","ENSG00000100902",3
"329","ENSG00000100979",3
"330","ENSG00000100997",4
"331","ENSG00000101079",4
"332","ENSG00000101152",4
"333","ENSG00000101182",4
"334","ENSG00000101210",4
"335","ENSG00000101298",2
"336","ENSG00000101327",3
"337","ENSG00000101439",4
"338","ENSG00000101460",4
"339","ENSG00000101474",4
"340","ENSG00000101489",4
"341","ENSG00000101558",2
"342","ENSG00000101856",4
"343","ENSG00000102003",4
"344","ENSG00000102109",4
"345","ENSG00000102144",4
"346","ENSG00000102181",3
"347","ENSG00000102226",4
"348","ENSG00000102409",4
"349","ENSG00000102471",4
"350","ENSG00000102760",4
"351","ENSG00000102804",4
"352","ENSG00000102879",2
"353","ENSG00000102934",4
"354","ENSG00000103024",2
"355","ENSG00000103034",4
"356","ENSG00000103056",3
"357","ENSG00000103089",2
"358","ENSG00000103145",3
"359","ENSG00000103174",2
"360","ENSG00000103260",4
"361","ENSG00000103266",3
"362","ENSG00000103316",4
"363","ENSG00000103363",4
"364","ENSG00000103415",3
"365","ENSG00000103528",2
"366","ENSG00000103647",2
"367","ENSG00000103657",2
"368","ENSG00000103723",2
"369","ENSG00000103769",4
"370","ENSG00000103811",3
"371","ENSG00000104093",3
"372","ENSG00000104112",3
"373","ENSG00000104267",4
"374","ENSG00000104327",3
"375","ENSG00000104381",3
"376","ENSG00000104388",4
"377","ENSG00000104419",3
"378","ENSG00000104435",4
"379","ENSG00000104490",4
"380","ENSG00000104529",3
"381","ENSG00000104695",4
"382","ENSG00000104722",4
"383","ENSG00000104723",3
"384","ENSG00000104763",2
"385","ENSG00000104833",4
"386","ENSG00000104888",4
"387","ENSG00000104904",4
"388","ENSG00000104960",2
"389","ENSG00000104964",4
"390","ENSG00000104979",2
"391","ENSG00000105185",2
"392","ENSG00000105193",4
"393","ENSG00000105220",4
"394","ENSG00000105223",4
"395","ENSG00000105245",3
"396","ENSG00000105254",4
"397","ENSG00000105255",3
"398","ENSG00000105258",2
"399","ENSG00000105270",4
"400","ENSG00000105290",4
"401","ENSG00000105372",4
"402","ENSG00000105376",4
"403","ENSG00000105393",2
"404","ENSG00000105401",4
"405","ENSG00000105402",4
"406","ENSG00000105404",3
"407","ENSG00000105409",4
"408","ENSG00000105419",3
"409","ENSG00000105518",2
"410","ENSG00000105520",4
"411","ENSG00000105568",4
"412","ENSG00000105583",3
"413","ENSG00000105613",3
"414","ENSG00000105640",4
"415","ENSG00000105642",3
"416","ENSG00000105649",4
"417","ENSG00000105662",2
"418","ENSG00000105695",4
"419","ENSG00000105696",4
"420","ENSG00000105701",4
"421","ENSG00000105711",4
"422","ENSG00000105723",3
"423","ENSG00000105737",3
"424","ENSG00000105738",2
"425","ENSG00000105854",4
"426","ENSG00000105887",4
"427","ENSG00000105894",3
"428","ENSG00000105993",3
"429","ENSG00000106089",4
"430","ENSG00000106105",2
"431","ENSG00000106153",4
"432","ENSG00000106211",2
"433","ENSG00000106236",4
"434","ENSG00000106278",3
"435","ENSG00000106299",4
"436","ENSG00000106367",4
"437","ENSG00000106537",3
"438","ENSG00000106538",2
"439","ENSG00000106615",4
"440","ENSG00000106617",3
"441","ENSG00000106682",2
"442","ENSG00000106723",3
"443","ENSG00000106803",2
"444","ENSG00000106853",2
"445","ENSG00000106976",4
"446","ENSG00000106992",3
"447","ENSG00000107105",3
"448","ENSG00000107130",4
"449","ENSG00000107223",4
"450","ENSG00000107281",4
"451","ENSG00000107295",4
"452","ENSG00000107317",4
"453","ENSG00000107331",4
"454","ENSG00000107372",4
"455","ENSG00000107518",3
"456","ENSG00000107742",4
"457","ENSG00000107758",4
"458","ENSG00000107798",2
"459","ENSG00000107863",4
"460","ENSG00000107872",2
"461","ENSG00000107902",4
"462","ENSG00000108091",3
"463","ENSG00000108106",4
"464","ENSG00000108107",4
"465","ENSG00000108231",3
"466","ENSG00000108262",4
"467","ENSG00000108298",4
"468","ENSG00000108309",4
"469","ENSG00000108352",2
"470","ENSG00000108387",4
"471","ENSG00000108395",4
"472","ENSG00000108509",2
"473","ENSG00000108518",3
"474","ENSG00000108528",4
"475","ENSG00000108551",3
"476","ENSG00000108561",4
"477","ENSG00000108654",4
"478","ENSG00000108797",4
"479","ENSG00000108848",2
"480","ENSG00000108861",3
"481","ENSG00000108924",2
"482","ENSG00000108946",4
"483","ENSG00000108947",2
"484","ENSG00000108953",4
"485","ENSG00000108960",4
"486","ENSG00000109046",3
"487","ENSG00000109099",4
"488","ENSG00000109107",4
"489","ENSG00000109180",4
"490","ENSG00000109332",2
"491","ENSG00000109339",4
"492","ENSG00000109390",3
"493","ENSG00000109466",4
"494","ENSG00000109472",4
"495","ENSG00000109475",4
"496","ENSG00000109654",4
"497","ENSG00000109670",3
"498","ENSG00000109738",4
"499","ENSG00000109846",4
"500","ENSG00000109956",4
"501","ENSG00000109971",4
"502","ENSG00000110047",2
"503","ENSG00000110076",3
"504","ENSG00000110107",2
"505","ENSG00000110237",3
"506","ENSG00000110321",4
"507","ENSG00000110328",2
"508","ENSG00000110400",2
"509","ENSG00000110427",3
"510","ENSG00000110436",4
"511","ENSG00000110514",4
"512","ENSG00000110651",4
"513","ENSG00000110675",4
"514","ENSG00000110700",4
"515","ENSG00000110717",3
"516","ENSG00000110786",2
"517","ENSG00000110841",3
"518","ENSG00000110955",4
"519","ENSG00000110958",4
"520","ENSG00000111229",4
"521","ENSG00000111275",3
"522","ENSG00000111328",4
"523","ENSG00000111371",2
"524","ENSG00000111639",2
"525","ENSG00000111640",4
"526","ENSG00000111669",4
"527","ENSG00000111674",4
"528","ENSG00000111678",2
"529","ENSG00000111696",3
"530","ENSG00000111716",4
"531","ENSG00000111726",4
"532","ENSG00000111775",4
"533","ENSG00000111885",2
"534","ENSG00000111897",4
"535","ENSG00000111912",3
"536","ENSG00000112081",2
"537","ENSG00000112096",4
"538","ENSG00000112137",4
"539","ENSG00000112146",2
"540","ENSG00000112186",4
"541","ENSG00000112290",4
"542","ENSG00000112306",4
"543","ENSG00000112309",4
"544","ENSG00000112335",4
"545","ENSG00000112379",2
"546","ENSG00000112514",4
"547","ENSG00000112531",4
"548","ENSG00000112695",4
"549","ENSG00000112697",4
"550","ENSG00000112902",4
"551","ENSG00000112972",4
"552","ENSG00000113013",2
"553","ENSG00000113140",4
"554","ENSG00000113161",3
"555","ENSG00000113269",2
"556","ENSG00000113319",2
"557","ENSG00000113327",4
"558","ENSG00000113387",4
"559","ENSG00000113558",4
"560","ENSG00000113575",4
"561","ENSG00000113578",4
"562","ENSG00000113758",2
"563","ENSG00000113763",2
"564","ENSG00000113811",2
"565","ENSG00000114023",3
"566","ENSG00000114115",2
"567","ENSG00000114125",3
"568","ENSG00000114383",4
"569","ENSG00000114391",4
"570","ENSG00000114544",2
"571","ENSG00000114554",2
"572","ENSG00000114573",4
"573","ENSG00000114626",2
"574","ENSG00000114631",4
"575","ENSG00000114784",3
"576","ENSG00000114902",3
"577","ENSG00000114923",2
"578","ENSG00000114942",2
"579","ENSG00000114948",2
"580","ENSG00000115194",3
"581","ENSG00000115252",2
"582","ENSG00000115268",4
"583","ENSG00000115286",3
"584","ENSG00000115306",3
"585","ENSG00000115310",4
"586","ENSG00000115365",4
"587","ENSG00000115380",2
"588","ENSG00000115419",4
"589","ENSG00000115461",3
"590","ENSG00000115468",3
"591","ENSG00000115484",3
"592","ENSG00000115541",4
"593","ENSG00000115641",2
"594","ENSG00000115694",2
"595","ENSG00000115738",3
"596","ENSG00000115756",4
"597","ENSG00000115762",4
"598","ENSG00000115875",2
"599","ENSG00000115944",4
"600","ENSG00000115977",4
"601","ENSG00000116030",3
"602","ENSG00000116106",4
"603","ENSG00000116133",4
"604","ENSG00000116161",4
"605","ENSG00000116209",3
"606","ENSG00000116251",4
"607","ENSG00000116254",3
"608","ENSG00000116260",2
"609","ENSG00000116288",4
"610","ENSG00000116337",2
"611","ENSG00000116396",2
"612","ENSG00000116459",4
"613","ENSG00000116574",3
"614","ENSG00000116604",2
"615","ENSG00000116649",3
"616","ENSG00000116661",4
"617","ENSG00000116675",4
"618","ENSG00000116741",2
"619","ENSG00000116752",2
"620","ENSG00000116857",4
"621","ENSG00000116871",2
"622","ENSG00000116983",4
"623","ENSG00000117069",3
"624","ENSG00000117115",2
"625","ENSG00000117152",3
"626","ENSG00000117154",3
"627","ENSG00000117155",2
"628","ENSG00000117266",2
"629","ENSG00000117318",3
"630","ENSG00000117410",4
"631","ENSG00000117419",4
"632","ENSG00000117450",4
"633","ENSG00000117519",3
"634","ENSG00000117592",4
"635","ENSG00000117600",4
"636","ENSG00000117616",3
"637","ENSG00000117632",4
"638","ENSG00000117691",4
"639","ENSG00000117906",4
"640","ENSG00000117984",3
"641","ENSG00000118160",4
"642","ENSG00000118181",4
"643","ENSG00000118194",3
"644","ENSG00000118200",3
"645","ENSG00000118257",2
"646","ENSG00000118271",3
"647","ENSG00000118276",3
"648","ENSG00000118402",2
"649","ENSG00000118418",3
"650","ENSG00000118432",4
"651","ENSG00000118473",2
"652","ENSG00000118515",2
"653","ENSG00000118680",4
"654","ENSG00000118785",4
"655","ENSG00000118816",2
"656","ENSG00000118971",3
"657","ENSG00000119013",3
"658","ENSG00000119048",3
"659","ENSG00000119125",4
"660","ENSG00000119139",3
"661","ENSG00000119242",4
"662","ENSG00000119280",2
"663","ENSG00000119318",3
"664","ENSG00000119421",4
"665","ENSG00000119655",2
"666","ENSG00000119698",2
"667","ENSG00000119705",3
"668","ENSG00000119782",4
"669","ENSG00000119801",4
"670","ENSG00000119865",4
"671","ENSG00000119866",2
"672","ENSG00000119900",4
"673","ENSG00000120049",4
"674","ENSG00000120053",4
"675","ENSG00000120129",2
"676","ENSG00000120251",4
"677","ENSG00000120265",4
"678","ENSG00000120306",2
"679","ENSG00000120438",3
"680","ENSG00000120694",4
"681","ENSG00000120727",2
"682","ENSG00000120738",2
"683","ENSG00000120885",4
"684","ENSG00000120899",4
"685","ENSG00000120963",4
"686","ENSG00000121413",4
"687","ENSG00000121653",3
"688","ENSG00000121753",4
"689","ENSG00000121766",2
"690","ENSG00000121769",4
"691","ENSG00000121905",4
"692","ENSG00000122026",4
"693","ENSG00000122042",2
"694","ENSG00000122126",2
"695","ENSG00000122359",3
"696","ENSG00000122378",4
"697","ENSG00000122406",4
"698","ENSG00000122490",2
"699","ENSG00000122545",4
"700","ENSG00000122566",4
"701","ENSG00000122574",4
"702","ENSG00000122585",4
"703","ENSG00000122705",3
"704","ENSG00000122733",2
"705","ENSG00000122873",4
"706","ENSG00000123091",4
"707","ENSG00000123095",3
"708","ENSG00000123119",4
"709","ENSG00000123144",3
"710","ENSG00000123349",4
"711","ENSG00000123358",2
"712","ENSG00000123416",4
"713","ENSG00000123505",2
"714","ENSG00000123560",4
"715","ENSG00000123562",4
"716","ENSG00000123975",2
"717","ENSG00000123989",4
"718","ENSG00000124126",3
"719","ENSG00000124140",4
"720","ENSG00000124172",4
"721","ENSG00000124313",2
"722","ENSG00000124406",4
"723","ENSG00000124422",4
"724","ENSG00000124507",4
"725","ENSG00000124614",4
"726","ENSG00000124702",4
"727","ENSG00000124767",2
"728","ENSG00000124785",4
"729","ENSG00000124920",4
"730","ENSG00000124942",2
"731","ENSG00000125144",4
"732","ENSG00000125148",4
"733","ENSG00000125166",2
"734","ENSG00000125356",4
"735","ENSG00000125398",2
"736","ENSG00000125462",4
"737","ENSG00000125505",4
"738","ENSG00000125534",4
"739","ENSG00000125648",4
"740","ENSG00000125675",4
"741","ENSG00000125691",2
"742","ENSG00000125740",2
"743","ENSG00000125743",4
"744","ENSG00000125814",4
"745","ENSG00000125827",2
"746","ENSG00000125841",2
"747","ENSG00000125851",2
"748","ENSG00000125868",4
"749","ENSG00000125869",4
"750","ENSG00000125967",2
"751","ENSG00000125968",3
"752","ENSG00000125971",4
"753","ENSG00000125995",2
"754","ENSG00000126005",3
"755","ENSG00000126214",4
"756","ENSG00000126217",2
"757","ENSG00000126247",4
"758","ENSG00000126267",4
"759","ENSG00000126351",4
"760","ENSG00000126432",4
"761","ENSG00000126457",2
"762","ENSG00000126524",2
"763","ENSG00000126583",4
"764","ENSG00000126709",4
"765","ENSG00000126767",3
"766","ENSG00000126803",4
"767","ENSG00000126860",3
"768","ENSG00000126878",3
"769","ENSG00000126934",3
"770","ENSG00000126945",3
"771","ENSG00000126950",3
"772","ENSG00000127022",4
"773","ENSG00000127184",4
"774","ENSG00000127220",3
"775","ENSG00000127445",4
"776","ENSG00000127511",3
"777","ENSG00000127540",3
"778","ENSG00000127561",4
"779","ENSG00000127585",4
"780","ENSG00000127824",4
"781","ENSG00000127838",2
"782","ENSG00000127884",4
"783","ENSG00000127922",2
"784","ENSG00000127995",2
"785","ENSG00000128245",4
"786","ENSG00000128272",3
"787","ENSG00000128463",2
"788","ENSG00000128482",2
"789","ENSG00000128512",4
"790","ENSG00000128524",4
"791","ENSG00000128564",4
"792","ENSG00000128609",4
"793","ENSG00000128656",4
"794","ENSG00000128683",4
"795","ENSG00000128739",4
"796","ENSG00000128872",4
"797","ENSG00000128989",4
"798","ENSG00000129084",4
"799","ENSG00000129244",2
"800","ENSG00000129355",4
"801","ENSG00000129538",4
"802","ENSG00000129559",4
"803","ENSG00000129562",3
"804","ENSG00000129625",4
"805","ENSG00000129636",4
"806","ENSG00000129682",4
"807","ENSG00000129757",2
"808","ENSG00000129990",4
"809","ENSG00000130005",2
"810","ENSG00000130066",2
"811","ENSG00000130175",3
"812","ENSG00000130203",4
"813","ENSG00000130208",4
"814","ENSG00000130222",2
"815","ENSG00000130226",4
"816","ENSG00000130255",4
"817","ENSG00000130294",4
"818","ENSG00000130382",2
"819","ENSG00000130414",2
"820","ENSG00000130477",4
"821","ENSG00000130511",4
"822","ENSG00000130520",2
"823","ENSG00000130522",4
"824","ENSG00000130540",4
"825","ENSG00000130558",4
"826","ENSG00000130638",4
"827","ENSG00000130643",4
"828","ENSG00000130714",3
"829","ENSG00000130720",2
"830","ENSG00000130723",2
"831","ENSG00000130725",3
"832","ENSG00000130731",4
"833","ENSG00000130748",4
"834","ENSG00000130770",4
"835","ENSG00000130787",2
"836","ENSG00000130822",4
"837","ENSG00000130985",2
"838","ENSG00000131018",4
"839","ENSG00000131051",2
"840","ENSG00000131089",4
"841","ENSG00000131095",4
"842","ENSG00000131100",4
"843","ENSG00000131116",2
"844","ENSG00000131143",4
"845","ENSG00000131165",2
"846","ENSG00000131174",4
"847","ENSG00000131188",3
"848","ENSG00000131437",4
"849","ENSG00000131469",4
"850","ENSG00000131495",3
"851","ENSG00000131507",4
"852","ENSG00000131584",2
"853","ENSG00000131711",4
"854","ENSG00000131828",2
"855","ENSG00000131966",2
"856","ENSG00000132002",2
"857","ENSG00000132294",4
"858","ENSG00000132329",3
"859","ENSG00000132341",4
"860","ENSG00000132359",2
"861","ENSG00000132432",3
"862","ENSG00000132434",2
"863","ENSG00000132463",2
"864","ENSG00000132471",4
"865","ENSG00000132475",4
"866","ENSG00000132507",2
"867","ENSG00000132535",4
"868","ENSG00000132563",4
"869","ENSG00000132639",4
"870","ENSG00000132640",4
"871","ENSG00000132670",4
"872","ENSG00000132702",4
"873","ENSG00000132718",4
"874","ENSG00000132821",4
"875","ENSG00000132824",4
"876","ENSG00000132872",4
"877","ENSG00000132879",4
"878","ENSG00000132932",2
"879","ENSG00000132963",2
"880","ENSG00000133026",3
"881","ENSG00000133030",2
"882","ENSG00000133083",4
"883","ENSG00000133112",4
"884","ENSG00000133134",4
"885","ENSG00000133142",2
"886","ENSG00000133169",4
"887","ENSG00000133243",2
"888","ENSG00000133318",4
"889","ENSG00000133424",3
"890","ENSG00000133612",4
"891","ENSG00000133627",4
"892","ENSG00000133639",2
"893","ENSG00000133687",2
"894","ENSG00000133816",4
"895","ENSG00000133835",3
"896","ENSG00000133872",4
"897","ENSG00000133878",3
"898","ENSG00000134072",4
"899","ENSG00000134108",2
"900","ENSG00000134121",4
"901","ENSG00000134243",4
"902","ENSG00000134248",3
"903","ENSG00000134265",4
"904","ENSG00000134287",4
"905","ENSG00000134308",4
"906","ENSG00000134318",2
"907","ENSG00000134333",4
"908","ENSG00000134375",4
"909","ENSG00000134419",4
"910","ENSG00000134443",2
"911","ENSG00000134590",4
"912","ENSG00000134644",2
"913","ENSG00000134769",4
"914","ENSG00000134780",2
"915","ENSG00000134825",3
"916","ENSG00000134851",3
"917","ENSG00000134982",4
"918","ENSG00000134986",3
"919","ENSG00000135002",4
"920","ENSG00000135018",2
"921","ENSG00000135069",3
"922","ENSG00000135108",2
"923","ENSG00000135298",2
"924","ENSG00000135334",2
"925","ENSG00000135363",3
"926","ENSG00000135387",2
"927","ENSG00000135390",4
"928","ENSG00000135404",4
"929","ENSG00000135424",3
"930","ENSG00000135439",4
"931","ENSG00000135441",2
"932","ENSG00000135447",4
"933","ENSG00000135454",4
"934","ENSG00000135472",4
"935","ENSG00000135486",3
"936","ENSG00000135519",2
"937","ENSG00000135624",2
"938","ENSG00000135625",2
"939","ENSG00000135643",3
"940","ENSG00000135709",4
"941","ENSG00000135720",3
"942","ENSG00000135744",4
"943","ENSG00000135750",4
"944","ENSG00000135821",4
"945","ENSG00000135905",2
"946","ENSG00000135916",4
"947","ENSG00000135924",3
"948","ENSG00000135932",3
"949","ENSG00000135940",4
"950","ENSG00000136002",3
"951","ENSG00000136003",4
"952","ENSG00000136099",4
"953","ENSG00000136156",4
"954","ENSG00000136237",4
"955","ENSG00000136238",3
"956","ENSG00000136267",2
"957","ENSG00000136531",4
"958","ENSG00000136541",4
"959","ENSG00000136717",4
"960","ENSG00000136750",4
"961","ENSG00000136754",4
"962","ENSG00000136810",3
"963","ENSG00000136813",4
"964","ENSG00000136854",4
"965","ENSG00000136888",2
"966","ENSG00000136928",4
"967","ENSG00000136930",3
"968","ENSG00000136942",4
"969","ENSG00000136950",4
"970","ENSG00000136960",4
"971","ENSG00000136999",3
"972","ENSG00000137100",3
"973","ENSG00000137154",4
"974","ENSG00000137216",2
"975","ENSG00000137267",4
"976","ENSG00000137285",3
"977","ENSG00000137312",3
"978","ENSG00000137409",4
"979","ENSG00000137575",4
"980","ENSG00000137642",3
"981","ENSG00000137710",2
"982","ENSG00000137726",4
"983","ENSG00000137766",2
"984","ENSG00000137818",4
"985","ENSG00000137825",2
"986","ENSG00000137876",2
"987","ENSG00000137941",3
"988","ENSG00000138028",2
"989","ENSG00000138029",2
"990","ENSG00000138069",2
"991","ENSG00000138071",4
"992","ENSG00000138078",4
"993","ENSG00000138101",2
"994","ENSG00000138107",4
"995","ENSG00000138207",2
"996","ENSG00000138326",4
"997","ENSG00000138430",4
"998","ENSG00000138435",3
"999","ENSG00000138443",4
"1000","ENSG00000138495",3
"1001","ENSG00000138698",4
"1002","ENSG00000138757",4
"1003","ENSG00000138760",3
"1004","ENSG00000138814",4
"1005","ENSG00000138834",4
"1006","ENSG00000139112",4
"1007","ENSG00000139116",3
"1008","ENSG00000139182",4
"1009","ENSG00000139200",3
"1010","ENSG00000139220",4
"1011","ENSG00000139433",2
"1012","ENSG00000139505",2
"1013","ENSG00000139644",2
"1014","ENSG00000139737",3
"1015","ENSG00000139793",2
"1016","ENSG00000139970",4
"1017","ENSG00000139973",2
"1018","ENSG00000139998",3
"1019","ENSG00000140105",4
"1020","ENSG00000140264",3
"1021","ENSG00000140280",2
"1022","ENSG00000140319",4
"1023","ENSG00000140391",4
"1024","ENSG00000140403",3
"1025","ENSG00000140416",4
"1026","ENSG00000140538",2
"1027","ENSG00000140600",4
"1028","ENSG00000140740",4
"1029","ENSG00000140905",3
"1030","ENSG00000140941",4
"1031","ENSG00000140945",3
"1032","ENSG00000140988",3
"1033","ENSG00000140990",4
"1034","ENSG00000140992",2
"1035","ENSG00000141002",2
"1036","ENSG00000141232",2
"1037","ENSG00000141367",4
"1038","ENSG00000141404",3
"1039","ENSG00000141480",3
"1040","ENSG00000141503",4
"1041","ENSG00000141504",2
"1042","ENSG00000141522",4
"1043","ENSG00000141540",4
"1044","ENSG00000141542",4
"1045","ENSG00000141552",2
"1046","ENSG00000141576",2
"1047","ENSG00000141741",2
"1048","ENSG00000141759",3
"1049","ENSG00000141959",3
"1050","ENSG00000142089",4
"1051","ENSG00000142168",4
"1052","ENSG00000142192",4
"1053","ENSG00000142235",2
"1054","ENSG00000142408",4
"1055","ENSG00000142494",2
"1056","ENSG00000142507",3
"1057","ENSG00000142534",3
"1058","ENSG00000142541",4
"1059","ENSG00000142669",4
"1060","ENSG00000142676",4
"1061","ENSG00000142686",4
"1062","ENSG00000142875",4
"1063","ENSG00000142937",4
"1064","ENSG00000143013",4
"1065","ENSG00000143126",4
"1066","ENSG00000143153",4
"1067","ENSG00000143158",3
"1068","ENSG00000143198",3
"1069","ENSG00000143420",4
"1070","ENSG00000143502",4
"1071","ENSG00000143543",2
"1072","ENSG00000143549",3
"1073","ENSG00000143761",4
"1074","ENSG00000143774",4
"1075","ENSG00000143847",2
"1076","ENSG00000143878",4
"1077","ENSG00000143933",4
"1078","ENSG00000143947",4
"1079","ENSG00000144040",2
"1080","ENSG00000144119",2
"1081","ENSG00000144283",2
"1082","ENSG00000144290",3
"1083","ENSG00000144339",3
"1084","ENSG00000144369",3
"1085","ENSG00000144381",2
"1086","ENSG00000144567",4
"1087","ENSG00000144711",2
"1088","ENSG00000144713",4
"1089","ENSG00000144746",3
"1090","ENSG00000144749",3
"1091","ENSG00000144834",4
"1092","ENSG00000144959",2
"1093","ENSG00000145087",2
"1094","ENSG00000145198",2
"1095","ENSG00000145242",3
"1096","ENSG00000145247",2
"1097","ENSG00000145284",4
"1098","ENSG00000145335",4
"1099","ENSG00000145349",3
"1100","ENSG00000145362",4
"1101","ENSG00000145425",4
"1102","ENSG00000145494",3
"1103","ENSG00000145495",2
"1104","ENSG00000145592",4
"1105","ENSG00000145632",4
"1106","ENSG00000145675",2
"1107","ENSG00000145708",2
"1108","ENSG00000145730",4
"1109","ENSG00000145741",3
"1110","ENSG00000145824",4
"1111","ENSG00000145864",3
"1112","ENSG00000145912",4
"1113","ENSG00000145920",4
"1114","ENSG00000145934",2
"1115","ENSG00000145990",3
"1116","ENSG00000146122",3
"1117","ENSG00000146469",3
"1118","ENSG00000146701",4
"1119","ENSG00000146938",2
"1120","ENSG00000147123",4
"1121","ENSG00000147162",2
"1122","ENSG00000147224",3
"1123","ENSG00000147403",4
"1124","ENSG00000147416",4
"1125","ENSG00000147533",3
"1126","ENSG00000147588",3
"1127","ENSG00000147604",4
"1128","ENSG00000147642",3
"1129","ENSG00000147669",2
"1130","ENSG00000147676",4
"1131","ENSG00000147684",3
"1132","ENSG00000148053",4
"1133","ENSG00000148180",4
"1134","ENSG00000148303",4
"1135","ENSG00000148334",2
"1136","ENSG00000148341",4
"1137","ENSG00000148468",2
"1138","ENSG00000148660",2
"1139","ENSG00000148671",4
"1140","ENSG00000148672",2
"1141","ENSG00000148700",3
"1142","ENSG00000148798",4
"1143","ENSG00000148826",3
"1144","ENSG00000148943",2
"1145","ENSG00000149091",4
"1146","ENSG00000149269",3
"1147","ENSG00000149273",4
"1148","ENSG00000149294",4
"1149","ENSG00000149313",2
"1150","ENSG00000149557",4
"1151","ENSG00000149575",2
"1152","ENSG00000149582",2
"1153","ENSG00000149806",4
"1154","ENSG00000149809",2
"1155","ENSG00000149925",4
"1156","ENSG00000149927",4
"1157","ENSG00000149970",4
"1158","ENSG00000150394",2
"1159","ENSG00000150459",4
"1160","ENSG00000150625",4
"1161","ENSG00000150656",4
"1162","ENSG00000150672",4
"1163","ENSG00000150753",4
"1164","ENSG00000150867",4
"1165","ENSG00000150991",4
"1166","ENSG00000150995",2
"1167","ENSG00000151150",2
"1168","ENSG00000151229",2
"1169","ENSG00000151366",4
"1170","ENSG00000151502",3
"1171","ENSG00000151552",4
"1172","ENSG00000151729",4
"1173","ENSG00000151778",3
"1174","ENSG00000151914",2
"1175","ENSG00000152082",3
"1176","ENSG00000152092",2
"1177","ENSG00000152102",4
"1178","ENSG00000152137",2
"1179","ENSG00000152154",4
"1180","ENSG00000152234",4
"1181","ENSG00000152332",4
"1182","ENSG00000152377",4
"1183","ENSG00000152413",2
"1184","ENSG00000152495",4
"1185","ENSG00000152503",2
"1186","ENSG00000152556",4
"1187","ENSG00000152583",4
"1188","ENSG00000152661",4
"1189","ENSG00000152767",2
"1190","ENSG00000152784",4
"1191","ENSG00000152795",4
"1192","ENSG00000152932",4
"1193","ENSG00000152969",2
"1194","ENSG00000153130",4
"1195","ENSG00000153187",4
"1196","ENSG00000153234",2
"1197","ENSG00000153561",3
"1198","ENSG00000153707",2
"1199","ENSG00000153815",2
"1200","ENSG00000153820",4
"1201","ENSG00000153904",3
"1202","ENSG00000153956",3
"1203","ENSG00000154027",4
"1204","ENSG00000154096",4
"1205","ENSG00000154118",3
"1206","ENSG00000154146",4
"1207","ENSG00000154229",4
"1208","ENSG00000154277",4
"1209","ENSG00000154518",4
"1210","ENSG00000154582",3
"1211","ENSG00000154640",2
"1212","ENSG00000154654",4
"1213","ENSG00000154723",4
"1214","ENSG00000154917",4
"1215","ENSG00000155093",4
"1216","ENSG00000155096",3
"1217","ENSG00000155097",4
"1218","ENSG00000155265",4
"1219","ENSG00000155368",4
"1220","ENSG00000155506",4
"1221","ENSG00000155511",4
"1222","ENSG00000155849",3
"1223","ENSG00000155876",4
"1224","ENSG00000155886",4
"1225","ENSG00000155970",3
"1226","ENSG00000155980",4
"1227","ENSG00000156011",4
"1228","ENSG00000156052",3
"1229","ENSG00000156076",3
"1230","ENSG00000156261",3
"1231","ENSG00000156298",4
"1232","ENSG00000156299",3
"1233","ENSG00000156411",4
"1234","ENSG00000156467",3
"1235","ENSG00000156482",4
"1236","ENSG00000156508",4
"1237","ENSG00000156515",4
"1238","ENSG00000156642",4
"1239","ENSG00000156735",2
"1240","ENSG00000156976",4
"1241","ENSG00000157005",4
"1242","ENSG00000157064",4
"1243","ENSG00000157087",4
"1244","ENSG00000157103",4
"1245","ENSG00000157152",4
"1246","ENSG00000157404",4
"1247","ENSG00000157782",4
"1248","ENSG00000157827",3
"1249","ENSG00000158050",2
"1250","ENSG00000158106",2
"1251","ENSG00000158109",4
"1252","ENSG00000158258",4
"1253","ENSG00000158301",2
"1254","ENSG00000158560",4
"1255","ENSG00000158747",4
"1256","ENSG00000158828",4
"1257","ENSG00000158856",4
"1258","ENSG00000158864",4
"1259","ENSG00000158985",2
"1260","ENSG00000159082",4
"1261","ENSG00000159164",4
"1262","ENSG00000159176",4
"1263","ENSG00000159199",4
"1264","ENSG00000159228",4
"1265","ENSG00000159335",4
"1266","ENSG00000159363",4
"1267","ENSG00000159377",3
"1268","ENSG00000159388",2
"1269","ENSG00000159409",3
"1270","ENSG00000159685",4
"1271","ENSG00000159692",2
"1272","ENSG00000159713",4
"1273","ENSG00000159720",4
"1274","ENSG00000159753",4
"1275","ENSG00000159842",4
"1276","ENSG00000160007",4
"1277","ENSG00000160014",4
"1278","ENSG00000160075",2
"1279","ENSG00000160131",2
"1280","ENSG00000160145",3
"1281","ENSG00000160213",2
"1282","ENSG00000160307",4
"1283","ENSG00000160408",3
"1284","ENSG00000160445",3
"1285","ENSG00000160460",2
"1286","ENSG00000160678",3
"1287","ENSG00000160714",2
"1288","ENSG00000160781",4
"1289","ENSG00000160932",4
"1290","ENSG00000161016",4
"1291","ENSG00000161082",2
"1292","ENSG00000161091",3
"1293","ENSG00000161203",4
"1294","ENSG00000161281",4
"1295","ENSG00000161960",4
"1296","ENSG00000161970",4
"1297","ENSG00000162065",2
"1298","ENSG00000162188",4
"1299","ENSG00000162244",4
"1300","ENSG00000162374",2
"1301","ENSG00000162378",3
"1302","ENSG00000162407",3
"1303","ENSG00000162517",2
"1304","ENSG00000162545",4
"1305","ENSG00000162616",2
"1306","ENSG00000162704",2
"1307","ENSG00000162706",4
"1308","ENSG00000162729",3
"1309","ENSG00000162734",4
"1310","ENSG00000162772",2
"1311","ENSG00000162783",2
"1312","ENSG00000162910",2
"1313","ENSG00000162951",2
"1314","ENSG00000162975",2
"1315","ENSG00000162989",2
"1316","ENSG00000163032",4
"1317","ENSG00000163041",4
"1318","ENSG00000163399",4
"1319","ENSG00000163453",2
"1320","ENSG00000163466",4
"1321","ENSG00000163531",2
"1322","ENSG00000163536",4
"1323","ENSG00000163539",2
"1324","ENSG00000163618",4
"1325","ENSG00000163630",4
"1326","ENSG00000163634",2
"1327","ENSG00000163637",2
"1328","ENSG00000163682",4
"1329","ENSG00000163888",2
"1330","ENSG00000163930",3
"1331","ENSG00000163947",2
"1332","ENSG00000163956",3
"1333","ENSG00000164032",4
"1334","ENSG00000164050",3
"1335","ENSG00000164061",4
"1336","ENSG00000164076",4
"1337","ENSG00000164091",2
"1338","ENSG00000164106",4
"1339","ENSG00000164124",4
"1340","ENSG00000164176",4
"1341","ENSG00000164187",3
"1342","ENSG00000164209",2
"1343","ENSG00000164236",2
"1344","ENSG00000164326",4
"1345","ENSG00000164402",4
"1346","ENSG00000164405",4
"1347","ENSG00000164434",4
"1348","ENSG00000164587",4
"1349","ENSG00000164600",4
"1350","ENSG00000164638",3
"1351","ENSG00000164687",4
"1352","ENSG00000164694",2
"1353","ENSG00000164733",4
"1354","ENSG00000164742",3
"1355","ENSG00000164830",3
"1356","ENSG00000164885",4
"1357","ENSG00000164919",4
"1358","ENSG00000164924",4
"1359","ENSG00000164929",3
"1360","ENSG00000165023",4
"1361","ENSG00000165119",3
"1362","ENSG00000165152",4
"1363","ENSG00000165169",4
"1364","ENSG00000165238",2
"1365","ENSG00000165264",4
"1366","ENSG00000165280",2
"1367","ENSG00000165300",2
"1368","ENSG00000165410",3
"1369","ENSG00000165434",4
"1370","ENSG00000165443",3
"1371","ENSG00000165478",4
"1372","ENSG00000165502",3
"1373","ENSG00000165566",3
"1374","ENSG00000165629",4
"1375","ENSG00000165637",4
"1376","ENSG00000165672",2
"1377","ENSG00000165678",4
"1378","ENSG00000165704",4
"1379","ENSG00000165752",3
"1380","ENSG00000165795",4
"1381","ENSG00000165802",4
"1382","ENSG00000165810",2
"1383","ENSG00000165868",4
"1384","ENSG00000165943",4
"1385","ENSG00000165973",2
"1386","ENSG00000166006",3
"1387","ENSG00000166033",3
"1388","ENSG00000166086",3
"1389","ENSG00000166091",3
"1390","ENSG00000166111",4
"1391","ENSG00000166136",3
"1392","ENSG00000166165",4
"1393","ENSG00000166173",4
"1394","ENSG00000166206",4
"1395","ENSG00000166257",4
"1396","ENSG00000166313",4
"1397","ENSG00000166402",2
"1398","ENSG00000166411",4
"1399","ENSG00000166441",2
"1400","ENSG00000166448",4
"1401","ENSG00000166501",4
"1402","ENSG00000166562",2
"1403","ENSG00000166579",2
"1404","ENSG00000166595",2
"1405","ENSG00000166619",4
"1406","ENSG00000166681",4
"1407","ENSG00000166710",4
"1408","ENSG00000166770",4
"1409","ENSG00000166780",4
"1410","ENSG00000166823",2
"1411","ENSG00000166848",4
"1412","ENSG00000166863",2
"1413","ENSG00000166913",4
"1414","ENSG00000166922",4
"1415","ENSG00000166925",4
"1416","ENSG00000166963",4
"1417","ENSG00000166974",4
"1418","ENSG00000167113",2
"1419","ENSG00000167123",4
"1420","ENSG00000167191",4
"1421","ENSG00000167281",3
"1422","ENSG00000167283",4
"1423","ENSG00000167371",3
"1424","ENSG00000167468",4
"1425","ENSG00000167526",4
"1426","ENSG00000167535",2
"1427","ENSG00000167552",4
"1428","ENSG00000167614",3
"1429","ENSG00000167641",4
"1430","ENSG00000167642",4
"1431","ENSG00000167654",2
"1432","ENSG00000167671",3
"1433","ENSG00000167680",4
"1434","ENSG00000167702",3
"1435","ENSG00000167755",3
"1436","ENSG00000167770",4
"1437","ENSG00000167778",4
"1438","ENSG00000167792",2
"1439","ENSG00000167815",4
"1440","ENSG00000167863",4
"1441","ENSG00000167964",4
"1442","ENSG00000167972",4
"1443","ENSG00000167986",2
"1444","ENSG00000167996",4
"1445","ENSG00000168000",4
"1446","ENSG00000168028",4
"1447","ENSG00000168036",2
"1448","ENSG00000168135",2
"1449","ENSG00000168159",4
"1450","ENSG00000168275",2
"1451","ENSG00000168280",4
"1452","ENSG00000168309",4
"1453","ENSG00000168314",4
"1454","ENSG00000168374",2
"1455","ENSG00000168385",3
"1456","ENSG00000168481",2
"1457","ENSG00000168490",4
"1458","ENSG00000168539",2
"1459","ENSG00000168653",4
"1460","ENSG00000168710",4
"1461","ENSG00000168734",4
"1462","ENSG00000168785",2
"1463","ENSG00000168824",4
"1464","ENSG00000168906",4
"1465","ENSG00000168913",3
"1466","ENSG00000168952",3
"1467","ENSG00000168959",2
"1468","ENSG00000168993",4
"1469","ENSG00000169018",2
"1470","ENSG00000169020",4
"1471","ENSG00000169021",4
"1472","ENSG00000169032",4
"1473","ENSG00000169085",4
"1474","ENSG00000169100",3
"1475","ENSG00000169116",2
"1476","ENSG00000169139",3
"1477","ENSG00000169169",3
"1478","ENSG00000169220",4
"1479","ENSG00000169258",2
"1480","ENSG00000169282",4
"1481","ENSG00000169398",2
"1482","ENSG00000169499",3
"1483","ENSG00000169504",2
"1484","ENSG00000169567",4
"1485","ENSG00000169710",3
"1486","ENSG00000169714",3
"1487","ENSG00000169715",4
"1488","ENSG00000169738",3
"1489","ENSG00000169744",3
"1490","ENSG00000169764",3
"1491","ENSG00000169783",4
"1492","ENSG00000169851",2
"1493","ENSG00000169976",2
"1494","ENSG00000170004",2
"1495","ENSG00000170017",2
"1496","ENSG00000170027",4
"1497","ENSG00000170035",4
"1498","ENSG00000170043",2
"1499","ENSG00000170075",2
"1500","ENSG00000170091",4
"1501","ENSG00000170144",2
"1502","ENSG00000170296",4
"1503","ENSG00000170315",4
"1504","ENSG00000170345",2
"1505","ENSG00000170348",3
"1506","ENSG00000170382",2
"1507","ENSG00000170390",2
"1508","ENSG00000170500",4
"1509","ENSG00000170525",2
"1510","ENSG00000170540",4
"1511","ENSG00000170579",4
"1512","ENSG00000170634",2
"1513","ENSG00000170775",3
"1514","ENSG00000170889",4
"1515","ENSG00000170906",4
"1516","ENSG00000170915",3
"1517","ENSG00000170921",2
"1518","ENSG00000171033",4
"1519","ENSG00000171130",4
"1520","ENSG00000171132",4
"1521","ENSG00000171159",4
"1522","ENSG00000171223",2
"1523","ENSG00000171224",2
"1524","ENSG00000171246",4
"1525","ENSG00000171314",4
"1526","ENSG00000171368",4
"1527","ENSG00000171385",2
"1528","ENSG00000171450",3
"1529","ENSG00000171476",4
"1530","ENSG00000171530",2
"1531","ENSG00000171532",4
"1532","ENSG00000171603",4
"1533","ENSG00000171604",2
"1534","ENSG00000171617",4
"1535","ENSG00000171680",2
"1536","ENSG00000171766",4
"1537","ENSG00000171858",4
"1538","ENSG00000171863",4
"1539","ENSG00000171867",4
"1540","ENSG00000171885",4
"1541","ENSG00000171951",4
"1542","ENSG00000171992",2
"1543","ENSG00000172005",4
"1544","ENSG00000172020",4
"1545","ENSG00000172115",4
"1546","ENSG00000172137",3
"1547","ENSG00000172201",3
"1548","ENSG00000172247",4
"1549","ENSG00000172260",4
"1550","ENSG00000172270",4
"1551","ENSG00000172301",3
"1552","ENSG00000172348",3
"1553","ENSG00000172354",4
"1554","ENSG00000172375",2
"1555","ENSG00000172379",4
"1556","ENSG00000172428",4
"1557","ENSG00000172508",4
"1558","ENSG00000172531",3
"1559","ENSG00000172575",2
"1560","ENSG00000172590",2
"1561","ENSG00000172757",4
"1562","ENSG00000172809",4
"1563","ENSG00000172915",3
"1564","ENSG00000172995",2
"1565","ENSG00000173020",2
"1566","ENSG00000173110",2
"1567","ENSG00000173113",2
"1568","ENSG00000173141",2
"1569","ENSG00000173221",4
"1570","ENSG00000173258",4
"1571","ENSG00000173267",4
"1572","ENSG00000173272",4
"1573","ENSG00000173436",2
"1574","ENSG00000173542",3
"1575","ENSG00000173660",4
"1576","ENSG00000173692",2
"1577","ENSG00000173726",4
"1578","ENSG00000173786",4
"1579","ENSG00000173812",4
"1580","ENSG00000173898",3
"1581","ENSG00000173915",4
"1582","ENSG00000174437",4
"1583","ENSG00000174444",4
"1584","ENSG00000174456",3
"1585","ENSG00000174460",4
"1586","ENSG00000174469",3
"1587","ENSG00000174514",4
"1588","ENSG00000174521",4
"1589","ENSG00000174576",2
"1590","ENSG00000174607",3
"1591","ENSG00000174684",4
"1592","ENSG00000174695",2
"1593","ENSG00000174748",4
"1594","ENSG00000174791",2
"1595","ENSG00000174871",4
"1596","ENSG00000174886",3
"1597","ENSG00000174917",2
"1598","ENSG00000174938",4
"1599","ENSG00000174939",2
"1600","ENSG00000174943",2
"1601","ENSG00000174996",4
"1602","ENSG00000175061",3
"1603","ENSG00000175130",4
"1604","ENSG00000175161",4
"1605","ENSG00000175166",3
"1606","ENSG00000175175",4
"1607","ENSG00000175182",4
"1608","ENSG00000175203",2
"1609","ENSG00000175264",4
"1610","ENSG00000175265",2
"1611","ENSG00000175334",2
"1612","ENSG00000175352",4
"1613","ENSG00000175416",4
"1614","ENSG00000175471",2
"1615","ENSG00000175550",2
"1616","ENSG00000175582",4
"1617","ENSG00000175602",4
"1618","ENSG00000175606",3
"1619","ENSG00000175701",2
"1620","ENSG00000175756",2
"1621","ENSG00000175768",2
"1622","ENSG00000175866",4
"1623","ENSG00000175874",4
"1624","ENSG00000175906",2
"1625","ENSG00000176101",2
"1626","ENSG00000176165",2
"1627","ENSG00000176171",4
"1628","ENSG00000176340",4
"1629","ENSG00000176485",4
"1630","ENSG00000176490",2
"1631","ENSG00000176697",2
"1632","ENSG00000176749",4
"1633","ENSG00000176788",4
"1634","ENSG00000176840",3
"1635","ENSG00000176871",4
"1636","ENSG00000176884",4
"1637","ENSG00000176903",2
"1638","ENSG00000176956",4
"1639","ENSG00000177156",2
"1640","ENSG00000177169",2
"1641","ENSG00000177301",2
"1642","ENSG00000177380",3
"1643","ENSG00000177432",4
"1644","ENSG00000177511",4
"1645","ENSG00000177542",4
"1646","ENSG00000177556",3
"1647","ENSG00000177576",2
"1648","ENSG00000177600",3
"1649","ENSG00000177606",3
"1650","ENSG00000177614",4
"1651","ENSG00000177700",4
"1652","ENSG00000177807",3
"1653","ENSG00000177879",4
"1654","ENSG00000177885",4
"1655","ENSG00000177889",4
"1656","ENSG00000177954",4
"1657","ENSG00000178057",2
"1658","ENSG00000178104",3
"1659","ENSG00000178127",3
"1660","ENSG00000178209",2
"1661","ENSG00000178233",4
"1662","ENSG00000178381",2
"1663","ENSG00000178449",3
"1664","ENSG00000178467",4
"1665","ENSG00000178498",2
"1666","ENSG00000178531",4
"1667","ENSG00000178695",2
"1668","ENSG00000178719",4
"1669","ENSG00000178741",4
"1670","ENSG00000178947",3
"1671","ENSG00000178974",3
"1672","ENSG00000178980",4
"1673","ENSG00000178982",2
"1674","ENSG00000179010",4
"1675","ENSG00000179091",3
"1676","ENSG00000179094",2
"1677","ENSG00000179222",4
"1678","ENSG00000179292",4
"1679","ENSG00000179364",3
"1680","ENSG00000179388",3
"1681","ENSG00000179403",2
"1682","ENSG00000179456",4
"1683","ENSG00000179604",2
"1684","ENSG00000179841",2
"1685","ENSG00000179915",4
"1686","ENSG00000180155",4
"1687","ENSG00000180354",4
"1688","ENSG00000180440",2
"1689","ENSG00000180817",3
"1690","ENSG00000180828",4
"1691","ENSG00000180834",2
"1692","ENSG00000180879",3
"1693","ENSG00000181029",4
"1694","ENSG00000181061",3
"1695","ENSG00000181163",2
"1696","ENSG00000181218",2
"1697","ENSG00000181409",4
"1698","ENSG00000181418",3
"1699","ENSG00000181449",2
"1700","ENSG00000181467",3
"1701","ENSG00000181790",2
"1702","ENSG00000182013",4
"1703","ENSG00000182117",2
"1704","ENSG00000182154",2
"1705","ENSG00000182195",4
"1706","ENSG00000182220",4
"1707","ENSG00000182247",4
"1708","ENSG00000182400",2
"1709","ENSG00000182534",4
"1710","ENSG00000182600",4
"1711","ENSG00000182621",4
"1712","ENSG00000182636",4
"1713","ENSG00000182670",4
"1714","ENSG00000182768",4
"1715","ENSG00000182774",3
"1716","ENSG00000182809",4
"1717","ENSG00000182870",3
"1718","ENSG00000182899",4
"1719","ENSG00000182901",2
"1720","ENSG00000182916",2
"1721","ENSG00000183011",3
"1722","ENSG00000183020",4
"1723","ENSG00000183023",4
"1724","ENSG00000183036",4
"1725","ENSG00000183049",4
"1726","ENSG00000183172",2
"1727","ENSG00000183255",2
"1728","ENSG00000183283",3
"1729","ENSG00000183454",4
"1730","ENSG00000183578",2
"1731","ENSG00000183648",4
"1732","ENSG00000183662",2
"1733","ENSG00000183715",4
"1734","ENSG00000183741",3
"1735","ENSG00000183775",3
"1736","ENSG00000183978",3
"1737","ENSG00000184007",4
"1738","ENSG00000184009",4
"1739","ENSG00000184014",2
"1740","ENSG00000184076",4
"1741","ENSG00000184144",4
"1742","ENSG00000184156",2
"1743","ENSG00000184205",3
"1744","ENSG00000184207",4
"1745","ENSG00000184221",4
"1746","ENSG00000184277",4
"1747","ENSG00000184368",3
"1748","ENSG00000184515",4
"1749","ENSG00000184524",4
"1750","ENSG00000184602",4
"1751","ENSG00000184613",4
"1752","ENSG00000184702",3
"1753","ENSG00000184752",3
"1754","ENSG00000184897",3
"1755","ENSG00000184900",4
"1756","ENSG00000184905",4
"1757","ENSG00000184922",2
"1758","ENSG00000184983",2
"1759","ENSG00000185046",4
"1760","ENSG00000185052",4
"1761","ENSG00000185088",2
"1762","ENSG00000185274",4
"1763","ENSG00000185352",4
"1764","ENSG00000185432",3
"1765","ENSG00000185518",4
"1766","ENSG00000185565",4
"1767","ENSG00000185650",2
"1768","ENSG00000185658",4
"1769","ENSG00000185742",4
"1770","ENSG00000185760",3
"1771","ENSG00000185774",2
"1772","ENSG00000185787",4
"1773","ENSG00000185818",4
"1774","ENSG00000185825",4
"1775","ENSG00000185883",4
"1776","ENSG00000185896",3
"1777","ENSG00000186010",3
"1778","ENSG00000186111",3
"1779","ENSG00000186260",4
"1780","ENSG00000186297",4
"1781","ENSG00000186310",4
"1782","ENSG00000186318",2
"1783","ENSG00000186395",2
"1784","ENSG00000186462",4
"1785","ENSG00000186468",4
"1786","ENSG00000186469",4
"1787","ENSG00000186472",3
"1788","ENSG00000186480",2
"1789","ENSG00000186487",4
"1790","ENSG00000186577",2
"1791","ENSG00000186642",4
"1792","ENSG00000186716",2
"1793","ENSG00000186732",4
"1794","ENSG00000186868",4
"1795","ENSG00000187051",3
"1796","ENSG00000187094",4
"1797","ENSG00000187122",4
"1798","ENSG00000187164",4
"1799","ENSG00000187189",3
"1800","ENSG00000187193",3
"1801","ENSG00000187446",3
"1802","ENSG00000187479",2
"1803","ENSG00000187514",4
"1804","ENSG00000187601",2
"1805","ENSG00000187672",2
"1806","ENSG00000187730",3
"1807","ENSG00000187764",3
"1808","ENSG00000187957",2
"1809","ENSG00000188011",2
"1810","ENSG00000188186",3
"1811","ENSG00000188191",4
"1812","ENSG00000188229",4
"1813","ENSG00000188243",3
"1814","ENSG00000188536",4
"1815","ENSG00000188612",4
"1816","ENSG00000188674",3
"1817","ENSG00000188690",4
"1818","ENSG00000188706",2
"1819","ENSG00000188760",2
"1820","ENSG00000188803",4
"1821","ENSG00000188846",3
"1822","ENSG00000189043",4
"1823","ENSG00000189056",3
"1824","ENSG00000189058",4
"1825","ENSG00000189129",2
"1826","ENSG00000189159",4
"1827","ENSG00000189171",3
"1828","ENSG00000189241",4
"1829","ENSG00000189367",2
"1830","ENSG00000189403",2
"1831","ENSG00000196104",4
"1832","ENSG00000196136",2
"1833","ENSG00000196230",4
"1834","ENSG00000196262",4
"1835","ENSG00000196353",4
"1836","ENSG00000196361",3
"1837","ENSG00000196465",3
"1838","ENSG00000196531",3
"1839","ENSG00000196562",3
"1840","ENSG00000196628",2
"1841","ENSG00000196683",3
"1842","ENSG00000196730",2
"1843","ENSG00000196776",2
"1844","ENSG00000196872",3
"1845","ENSG00000196876",4
"1846","ENSG00000196937",4
"1847","ENSG00000196950",3
"1848","ENSG00000196961",4
"1849","ENSG00000196976",3
"1850","ENSG00000197043",4
"1851","ENSG00000197045",4
"1852","ENSG00000197102",3
"1853","ENSG00000197106",3
"1854","ENSG00000197283",2
"1855","ENSG00000197381",2
"1856","ENSG00000197430",4
"1857","ENSG00000197444",3
"1858","ENSG00000197457",4
"1859","ENSG00000197535",4
"1860","ENSG00000197555",3
"1861","ENSG00000197586",4
"1862","ENSG00000197601",2
"1863","ENSG00000197694",4
"1864","ENSG00000197728",4
"1865","ENSG00000197746",4
"1866","ENSG00000197747",4
"1867","ENSG00000197756",4
"1868","ENSG00000197872",3
"1869","ENSG00000197943",2
"1870","ENSG00000197956",3
"1871","ENSG00000197958",4
"1872","ENSG00000197959",3
"1873","ENSG00000197971",4
"1874","ENSG00000197982",3
"1875","ENSG00000198034",4
"1876","ENSG00000198053",4
"1877","ENSG00000198121",4
"1878","ENSG00000198168",2
"1879","ENSG00000198216",3
"1880","ENSG00000198242",4
"1881","ENSG00000198258",4
"1882","ENSG00000198300",4
"1883","ENSG00000198408",4
"1884","ENSG00000198417",4
"1885","ENSG00000198420",2
"1886","ENSG00000198478",2
"1887","ENSG00000198513",4
"1888","ENSG00000198576",2
"1889","ENSG00000198598",2
"1890","ENSG00000198612",3
"1891","ENSG00000198626",2
"1892","ENSG00000198668",4
"1893","ENSG00000198673",3
"1894","ENSG00000198689",4
"1895","ENSG00000198695",4
"1896","ENSG00000198712",4
"1897","ENSG00000198727",4
"1898","ENSG00000198755",3
"1899","ENSG00000198763",4
"1900","ENSG00000198786",4
"1901","ENSG00000198794",4
"1902","ENSG00000198804",4
"1903","ENSG00000198822",2
"1904","ENSG00000198825",4
"1905","ENSG00000198830",4
"1906","ENSG00000198832",4
"1907","ENSG00000198836",2
"1908","ENSG00000198840",4
"1909","ENSG00000198843",2
"1910","ENSG00000198886",4
"1911","ENSG00000198888",4
"1912","ENSG00000198898",4
"1913","ENSG00000198899",4
"1914","ENSG00000198910",2
"1915","ENSG00000198911",3
"1916","ENSG00000198918",4
"1917","ENSG00000198932",4
"1918","ENSG00000198934",2
"1919","ENSG00000198938",4
"1920","ENSG00000198944",2
"1921","ENSG00000198961",4
"1922","ENSG00000203485",3
"1923","ENSG00000203618",3
"1924","ENSG00000203685",2
"1925","ENSG00000203879",4
"1926","ENSG00000203930",4
"1927","ENSG00000204065",2
"1928","ENSG00000204217",3
"1929","ENSG00000204262",2
"1930","ENSG00000204287",3
"1931","ENSG00000204314",4
"1932","ENSG00000204388",2
"1933","ENSG00000204389",3
"1934","ENSG00000204435",2
"1935","ENSG00000204580",3
"1936","ENSG00000204592",2
"1937","ENSG00000204628",3
"1938","ENSG00000204655",3
"1939","ENSG00000204681",4
"1940","ENSG00000204843",4
"1941","ENSG00000204851",4
"1942","ENSG00000204899",2
"1943","ENSG00000205336",2
"1944","ENSG00000205364",4
"1945","ENSG00000205542",4
"1946","ENSG00000205704",2
"1947","ENSG00000205937",4
"1948","ENSG00000206052",2
"1949","ENSG00000206172",3
"1950","ENSG00000206503",2
"1951","ENSG00000207955",3
"1952","ENSG00000211450",4
"1953","ENSG00000211584",4
"1954","ENSG00000212907",4
"1955","ENSG00000213190",4
"1956","ENSG00000213465",4
"1957","ENSG00000213585",4
"1958","ENSG00000213619",3
"1959","ENSG00000213639",4
"1960","ENSG00000213741",4
"1961","ENSG00000213760",4
"1962","ENSG00000213983",2
"1963","ENSG00000214253",4
"1964","ENSG00000214279",2
"1965","ENSG00000214517",2
"1966","ENSG00000214548",4
"1967","ENSG00000214736",2
"1968","ENSG00000215218",4
"1969","ENSG00000215252",2
"1970","ENSG00000215788",2
"1971","ENSG00000215845",3
"1972","ENSG00000219200",4
"1973","ENSG00000219438",3
"1974","ENSG00000220205",4
"1975","ENSG00000221823",3
"1976","ENSG00000221866",2
"1977","ENSG00000221869",3
"1978","ENSG00000221890",4
"1979","ENSG00000221946",4
"1980","ENSG00000221983",3
"1981","ENSG00000224032",2
"1982","ENSG00000224078",4
"1983","ENSG00000224531",2
"1984","ENSG00000224877",2
"1985","ENSG00000225465",2
"1986","ENSG00000225783",2
"1987","ENSG00000227051",2
"1988","ENSG00000227544",2
"1989","ENSG00000228253",4
"1990","ENSG00000228474",3
"1991","ENSG00000229117",4
"1992","ENSG00000229807",2
"1993","ENSG00000229833",3
"1994","ENSG00000230989",2
"1995","ENSG00000231500",4
"1996","ENSG00000232112",4
"1997","ENSG00000232119",4
"1998","ENSG00000232388",2
"1999","ENSG00000232859",3
"2000","ENSG00000233016",2
"2001","ENSG00000233927",4
"2002","ENSG00000234745",2
"2003","ENSG00000236154",2
"2004","ENSG00000237289",2
"2005","ENSG00000237949",4
"2006","ENSG00000239672",4
"2007","ENSG00000239911",3
"2008","ENSG00000240583",4
"2009","ENSG00000240694",4
"2010","ENSG00000240771",3
"2011","ENSG00000240972",4
"2012","ENSG00000241343",4
"2013","ENSG00000241360",4
"2014","ENSG00000241468",4
"2015","ENSG00000241553",4
"2016","ENSG00000241563",4
"2017","ENSG00000241685",4
"2018","ENSG00000241697",2
"2019","ENSG00000241837",3
"2020","ENSG00000241973",4
"2021","ENSG00000242173",4
"2022","ENSG00000242265",4
"2023","ENSG00000242485",2
"2024","ENSG00000242808",4
"2025","ENSG00000243147",4
"2026","ENSG00000243449",4
"2027","ENSG00000243678",4
"2028","ENSG00000243927",2
"2029","ENSG00000244187",3
"2030","ENSG00000244274",4
"2031","ENSG00000244687",2
"2032","ENSG00000244734",4
"2033","ENSG00000245532",3
"2034","ENSG00000245910",4
"2035","ENSG00000248487",4
"2036","ENSG00000249915",3
"2037","ENSG00000249992",4
"2038","ENSG00000250067",4
"2039","ENSG00000250479",4
"2040","ENSG00000250510",4
"2041","ENSG00000250722",4
"2042","ENSG00000251562",4
"2043","ENSG00000253230",3
"2044","ENSG00000254999",4
"2045","ENSG00000255302",3
"2046","ENSG00000255823",4
"2047","ENSG00000256045",3
"2048","ENSG00000256618",2
"2049","ENSG00000257704",2
"2050","ENSG00000258947",4
"2051","ENSG00000259417",2
"2052","ENSG00000260032",4
"2053","ENSG00000260230",4
"2054","ENSG00000260807",2
"2055","ENSG00000262655",2
"2056","ENSG00000263001",3
"2057","ENSG00000264364",4
"2058","ENSG00000265681",4
"2059","ENSG00000265972",2
"2060","ENSG00000266402",4
"2061","ENSG00000266472",3
"2062","ENSG00000266964",3
"2063","ENSG00000267673",3
"2064","ENSG00000267855",2
"2065","ENSG00000268089",3
"2066","ENSG00000269028",4
"2067","ENSG00000269893",2
"2068","ENSG00000272398",4
"2069","ENSG00000272636",2
"2070","ENSG00000272888",4
"2071","ENSG00000273079",2
"2072","ENSG00000273238",2
"2073","ENSG00000276293",2
"2074","ENSG00000276462",2
"2075","ENSG00000277443",2
"2076","ENSG00000277586",4
"2077","ENSG00000277791",4
"2078","ENSG00000280165",2
"2079","ENSG00000282885",3
"2080","ENSG00000283103",3
"2081","ENSG00000286214",4
"2082","ENSG00000286961",3
