"","gene_id","gene_name","overall_rank","average_rank","n_withinTop1000"
"ENSMUSG00000052305","ENSMUSG00000052305","Hbb-bs",1.5,2,3
"ENSMUSG00000069917","ENSMUSG00000069917","Hba-a2",1.5,2,3
"ENSMUSG00000073940","ENSMUSG00000073940","Hbb-bt",3,3,3
"ENSMUSG00000027562","ENSMUSG00000027562","Car2",4,3.33333333333333,3
"ENSMUSG00000025270","ENSMUSG00000025270","Alas2",5,6.66666666666667,3
"ENSMUSG00000063856","ENSMUSG00000063856","Gpx1",6,9.66666666666667,3
"ENSMUSG00000024610","ENSMUSG00000024610","Cd74",7,10.3333333333333,3
"ENSMUSG00000030707","ENSMUSG00000030707","Coro1a",8.5,18.6666666666667,3
"ENSMUSG00000036594","ENSMUSG00000036594","H2-Aa",8.5,18.6666666666667,3
"ENSMUSG00000032126","ENSMUSG00000032126","Hmbs",10,19.3333333333333,3
"ENSMUSG00000042066","ENSMUSG00000042066","Tmcc2",11.5,19.6666666666667,3
"ENSMUSG00000040592","ENSMUSG00000040592","Cd79b",11.5,19.6666666666667,3
"ENSMUSG00000004655","ENSMUSG00000004655","Aqp1",13,20.3333333333333,3
"ENSMUSG00000030798","ENSMUSG00000030798","Cd37",14.5,21,3
"ENSMUSG00000034248","ENSMUSG00000034248","Slc25a37",14.5,21,3
"ENSMUSG00000026616","ENSMUSG00000026616","Cr2",16,22,3
"ENSMUSG00000006574","ENSMUSG00000006574","Slc4a1",17,23,3
"ENSMUSG00000028644","ENSMUSG00000028644","Ermap",18,23.3333333333333,3
"ENSMUSG00000004552","ENSMUSG00000004552","Ctse",19,26,3
"ENSMUSG00000030605","ENSMUSG00000030605","Mfge8",20,28.3333333333333,3
"ENSMUSG00000037548","ENSMUSG00000037548","H2-DMb2",21.5,29.3333333333333,3
"ENSMUSG00000024673","ENSMUSG00000024673","Ms4a1",21.5,29.3333333333333,3
"ENSMUSG00000021102","ENSMUSG00000021102","Glrx5",23,30.3333333333333,3
"ENSMUSG00000000682","ENSMUSG00000000682","Cd52",24.5,30.6666666666667,3
"ENSMUSG00000032053","ENSMUSG00000032053","Pou2af1",24.5,30.6666666666667,3
"ENSMUSG00000030220","ENSMUSG00000030220","Arhgdib",26,31.3333333333333,3
"ENSMUSG00000025889","ENSMUSG00000025889","Snca",27,33.3333333333333,3
"ENSMUSG00000030724","ENSMUSG00000030724","Cd19",28,34,3
"ENSMUSG00000027556","ENSMUSG00000027556","Car1",29,38,3
"ENSMUSG00000022099","ENSMUSG00000022099","Dmtn",30,38.6666666666667,3
"ENSMUSG00000031974","ENSMUSG00000031974","Abcb10",31,39.6666666666667,3
"ENSMUSG00000026532","ENSMUSG00000026532","Spta1",32,40.3333333333333,3
"ENSMUSG00000028332","ENSMUSG00000028332","Hemgn",33,41.3333333333333,3
"ENSMUSG00000049775","ENSMUSG00000049775","Tmsb4x",34,44.6666666666667,3
"ENSMUSG00000036181","ENSMUSG00000036181","Hist1h1c",35,45,3
"ENSMUSG00000052565","ENSMUSG00000052565","Hist1h1d",36,47,3
"ENSMUSG00000073400","ENSMUSG00000073400","Trim10",37,47.3333333333333,3
"ENSMUSG00000031543","ENSMUSG00000031543","Ank1",38.5,47.6666666666667,3
"ENSMUSG00000037742","ENSMUSG00000037742","Eef1a1",38.5,47.6666666666667,3
"ENSMUSG00000105906","ENSMUSG00000105906","Iglc1",40,48,3
"ENSMUSG00000029866","ENSMUSG00000029866","Kel",41,48.3333333333333,3
"ENSMUSG00000027078","ENSMUSG00000027078","Ube2l6",42,49,3
"ENSMUSG00000040466","ENSMUSG00000040466","Blvrb",43,49.6666666666667,3
"ENSMUSG00000105827","ENSMUSG00000105827","Hist2h2bb",44,51,3
"ENSMUSG00000003379","ENSMUSG00000003379","Cd79a",45,52,3
"ENSMUSG00000024588","ENSMUSG00000024588","Fech",46,52.6666666666667,3
"ENSMUSG00000073421","ENSMUSG00000073421","H2-Ab1",47,54.3333333333333,3
"ENSMUSG00000076609","ENSMUSG00000076609","Igkc",48,60,3
"ENSMUSG00000005161","ENSMUSG00000005161","Prdx2",49,61.3333333333333,3
"ENSMUSG00000104213","ENSMUSG00000104213","Ighd",50,65,3
"ENSMUSG00000022797","ENSMUSG00000022797","Tfrc",51,65.6666666666667,3
"ENSMUSG00000030000","ENSMUSG00000030000","Add2",52,66.3333333333333,3
"ENSMUSG00000028825","ENSMUSG00000028825","Rhd",53,68.6666666666667,3
"ENSMUSG00000034059","ENSMUSG00000034059","Ypel4",54,69.3333333333333,3
"ENSMUSG00000076617","ENSMUSG00000076617","Ighm",55,70,3
"ENSMUSG00000041538","ENSMUSG00000041538","H2-Ob",56,70.3333333333333,3
"ENSMUSG00000036478","ENSMUSG00000036478","Btg1",57,71.6666666666667,3
"ENSMUSG00000031162","ENSMUSG00000031162","Gata1",58,72.6666666666667,3
"ENSMUSG00000024399","ENSMUSG00000024399","Ltb",59,74.3333333333333,3
"ENSMUSG00000014453","ENSMUSG00000014453","Blk",60,74.6666666666667,3
"ENSMUSG00000068105","ENSMUSG00000068105","Tnfrsf13c",61.5,76.6666666666667,3
"ENSMUSG00000024164","ENSMUSG00000024164","C3",61.5,76.6666666666667,3
"ENSMUSG00000024661","ENSMUSG00000024661","Fth1",63,77.3333333333333,3
"ENSMUSG00000076613","ENSMUSG00000076613","Ighg2b",64,77.6666666666667,3
"ENSMUSG00000028393","ENSMUSG00000028393","Alad",65,78.3333333333333,3
"ENSMUSG00000040699","ENSMUSG00000040699","Limd2",66,79.6666666666667,3
"ENSMUSG00000076621","ENSMUSG00000076621","Ighj1",67.5,84.3333333333333,3
"ENSMUSG00000091694","ENSMUSG00000091694","Apol11b",67.5,84.3333333333333,3
"ENSMUSG00000022742","ENSMUSG00000022742","Cpox",69,84.6666666666667,3
"ENSMUSG00000069267","ENSMUSG00000069267","Hist1h3b",70,85,3
"ENSMUSG00000024353","ENSMUSG00000024353","Mzb1",71.5,87.6666666666667,3
"ENSMUSG00000024663","ENSMUSG00000024663","Rab3il1",71.5,87.6666666666667,3
"ENSMUSG00000069310","ENSMUSG00000069310","Hist1h3c",73,91.6666666666667,3
"ENSMUSG00000075031","ENSMUSG00000075031","Hist1h2bb",74,92,3
"ENSMUSG00000064267","ENSMUSG00000064267","Hvcn1",75,93.3333333333333,3
"ENSMUSG00000040899","ENSMUSG00000040899","Ccr6",76,93.6666666666667,3
"ENSMUSG00000038871","ENSMUSG00000038871","Bpgm",77.5,95,3
"ENSMUSG00000023995","ENSMUSG00000023995","Tspo2",77.5,95,3
"ENSMUSG00000099583","ENSMUSG00000099583","Hist1h3d",79,96,3
"ENSMUSG00000030878","ENSMUSG00000030878","Cdr2",80,97.3333333333333,3
"ENSMUSG00000023571","ENSMUSG00000023571","C1qtnf12",81,97.6666666666667,3
"ENSMUSG00000047139","ENSMUSG00000047139","Cd24a",82,98.3333333333333,3
"ENSMUSG00000005413","ENSMUSG00000005413","Hmox1",83,99.3333333333333,3
"ENSMUSG00000004665","ENSMUSG00000004665","Cnn2",84,101,3
"ENSMUSG00000038893","ENSMUSG00000038893","Fam117a",85,101.333333333333,3
"ENSMUSG00000031827","ENSMUSG00000031827","Cotl1",86,103,3
"ENSMUSG00000022037","ENSMUSG00000022037","Clu",87,103.666666666667,3
"ENSMUSG00000021281","ENSMUSG00000021281","Tnfaip2",88,104.666666666667,3
"ENSMUSG00000041202","ENSMUSG00000041202","Pla2g2d",89,106.666666666667,3
"ENSMUSG00000029922","ENSMUSG00000029922","Mkrn1",90,107.666666666667,3
"ENSMUSG00000025085","ENSMUSG00000025085","Ablim1",91,108.333333333333,3
"ENSMUSG00000049539","ENSMUSG00000049539","Hist1h1a",92,108.666666666667,3
"ENSMUSG00000030577","ENSMUSG00000030577","Cd22",93,110,3
"ENSMUSG00000039236","ENSMUSG00000039236","Isg20",94,110.666666666667,3
"ENSMUSG00000029580","ENSMUSG00000029580","Actb",95,111.333333333333,3
"ENSMUSG00000076618","ENSMUSG00000076618","Ighj4",96,116,3
"ENSMUSG00000047880","ENSMUSG00000047880","Cxcr5",97,116.666666666667,3
"ENSMUSG00000032312","ENSMUSG00000032312","Csk",98,118.333333333333,3
"ENSMUSG00000028459","ENSMUSG00000028459","Cd72",99,118.666666666667,3
"ENSMUSG00000028542","ENSMUSG00000028542","Slc6a9",100,119.333333333333,3
"ENSMUSG00000060586","ENSMUSG00000060586","H2-Eb1",101,121.666666666667,3
"ENSMUSG00000051627","ENSMUSG00000051627","Hist1h1e",102,122.333333333333,3
"ENSMUSG00000015854","ENSMUSG00000015854","Cd5l",103.5,123.333333333333,3
"ENSMUSG00000032484","ENSMUSG00000032484","Ngp",103.5,123.333333333333,3
"ENSMUSG00000056091","ENSMUSG00000056091","St3gal5",105,124,3
"ENSMUSG00000040713","ENSMUSG00000040713","Creg1",106,127,3
"ENSMUSG00000045826","ENSMUSG00000045826","Ptprcap",107,127.666666666667,3
"ENSMUSG00000026395","ENSMUSG00000026395","Ptprc",108,128,3
"ENSMUSG00000064225","ENSMUSG00000064225","Paqr9",109,129,3
"ENSMUSG00000022885","ENSMUSG00000022885","St6gal1",110,130,3
"ENSMUSG00000028684","ENSMUSG00000028684","Urod",111,131,3
"ENSMUSG00000025728","ENSMUSG00000025728","Pigq",112.5,138.333333333333,3
"ENSMUSG00000024338","ENSMUSG00000024338","Psmb8",112.5,138.333333333333,3
"ENSMUSG00000020788","ENSMUSG00000020788","Atp2a3",114,139.666666666667,3
"ENSMUSG00000054428","ENSMUSG00000054428","Atpif1",115,140.333333333333,3
"ENSMUSG00000019838","ENSMUSG00000019838","Slc16a10",116,141,3
"ENSMUSG00000027368","ENSMUSG00000027368","Dusp2",117.5,141.333333333333,3
"ENSMUSG00000054435","ENSMUSG00000054435","Gimap4",117.5,141.333333333333,3
"ENSMUSG00000069300","ENSMUSG00000069300","Hist1h2bj",119,141.666666666667,3
"ENSMUSG00000024381","ENSMUSG00000024381","Bin1",120,142.666666666667,3
"ENSMUSG00000008193","ENSMUSG00000008193","Spib",121,144.333333333333,3
"ENSMUSG00000026447","ENSMUSG00000026447","Pik3c2b",123,144.666666666667,3
"ENSMUSG00000040435","ENSMUSG00000040435","Ppp1r15a",123,144.666666666667,3
"ENSMUSG00000020143","ENSMUSG00000020143","Dock2",123,144.666666666667,3
"ENSMUSG00000062727","ENSMUSG00000062727","Hist1h2bk",125,145.666666666667,3
"ENSMUSG00000021061","ENSMUSG00000021061","Sptb",126,147.666666666667,3
"ENSMUSG00000031015","ENSMUSG00000031015","Swap70",127,148.333333333333,3
"ENSMUSG00000028716","ENSMUSG00000028716","Pdzk1ip1",128.5,150,3
"ENSMUSG00000020641","ENSMUSG00000020641","Rsad2",128.5,150,3
"ENSMUSG00000079033","ENSMUSG00000079033","Mef2b",130,151.333333333333,3
"ENSMUSG00000061132","ENSMUSG00000061132","Blnk",131,153.666666666667,3
"ENSMUSG00000067149","ENSMUSG00000067149","Jchain",132.5,154,3
"ENSMUSG00000076615","ENSMUSG00000076615","Ighg3",132.5,154,3
"ENSMUSG00000021998","ENSMUSG00000021998","Lcp1",134,154.666666666667,3
"ENSMUSG00000001763","ENSMUSG00000001763","Tspan33",135,155.333333333333,3
"ENSMUSG00000030468","ENSMUSG00000030468","Siglecg",136,156,3
"ENSMUSG00000022564","ENSMUSG00000022564","Grina",137,156.333333333333,3
"ENSMUSG00000091650","ENSMUSG00000091650","Apol11a",138,159.666666666667,3
"ENSMUSG00000034330","ENSMUSG00000034330","Plcg2",139,160,3
"ENSMUSG00000027808","ENSMUSG00000027808","Serp1",140,160.666666666667,3
"ENSMUSG00000028581","ENSMUSG00000028581","Laptm5",141,161,3
"ENSMUSG00000040627","ENSMUSG00000040627","Aicda",142,161.333333333333,3
"ENSMUSG00000035697","ENSMUSG00000035697","Arhgap45",143,162.333333333333,3
"ENSMUSG00000026875","ENSMUSG00000026875","Traf1",144.5,163.333333333333,3
"ENSMUSG00000038357","ENSMUSG00000038357","Camp",144.5,163.333333333333,3
"ENSMUSG00000058794","ENSMUSG00000058794","Nfe2",146,163.666666666667,3
"ENSMUSG00000030745","ENSMUSG00000030745","Il21r",147,164,3
"ENSMUSG00000047181","ENSMUSG00000047181","Samd14",148,166,3
"ENSMUSG00000038421","ENSMUSG00000038421","Fcrla",149,168.666666666667,3
"ENSMUSG00000023926","ENSMUSG00000023926","Rhag",150,169.333333333333,3
"ENSMUSG00000026815","ENSMUSG00000026815","Gfi1b",151,169.666666666667,3
"ENSMUSG00000037922","ENSMUSG00000037922","Bank1",152.5,171,3
"ENSMUSG00000057098","ENSMUSG00000057098","Ebf1",152.5,171,3
"ENSMUSG00000018293","ENSMUSG00000018293","Pfn1",154,173.666666666667,3
"ENSMUSG00000029622","ENSMUSG00000029622","Arpc1b",155,176.333333333333,3
"ENSMUSG00000021457","ENSMUSG00000021457","Syk",156,176.666666666667,3
"ENSMUSG00000023175","ENSMUSG00000023175","Bsg",157,177,3
"ENSMUSG00000031029","ENSMUSG00000031029","Eif3f",158,177.333333333333,3
"ENSMUSG00000056071","ENSMUSG00000056071","S100a9",159,177.666666666667,3
"ENSMUSG00000018168","ENSMUSG00000018168","Ikzf3",160,181,3
"ENSMUSG00000045092","ENSMUSG00000045092","S1pr1",161.5,182.333333333333,3
"ENSMUSG00000079659","ENSMUSG00000079659","Tmem243",161.5,182.333333333333,3
"ENSMUSG00000037972","ENSMUSG00000037972","Snn",163,184,3
"ENSMUSG00000076612","ENSMUSG00000076612","Ighg2c",164,185,3
"ENSMUSG00000026938","ENSMUSG00000026938","Fcna",165,185.333333333333,3
"ENSMUSG00000025912","ENSMUSG00000025912","Mybl1",166.5,187.666666666667,3
"ENSMUSG00000032496","ENSMUSG00000032496","Ltf",166.5,187.666666666667,3
"ENSMUSG00000031170","ENSMUSG00000031170","Slc38a5",168,190,3
"ENSMUSG00000004266","ENSMUSG00000004266","Ptpn6",169,191.333333333333,3
"ENSMUSG00000036661","ENSMUSG00000036661","Dennd3",170,192,3
"ENSMUSG00000028843","ENSMUSG00000028843","Sh3bgrl3",171,192.666666666667,3
"ENSMUSG00000051998","ENSMUSG00000051998","Lax1",172,193,3
"ENSMUSG00000047867","ENSMUSG00000047867","Gimap6",173,194.666666666667,3
"ENSMUSG00000008843","ENSMUSG00000008843","Cldn13",174,195.333333333333,3
"ENSMUSG00000006731","ENSMUSG00000006731","B4galnt1",175,197,3
"ENSMUSG00000003813","ENSMUSG00000003813","Rad23a",176,200,3
"ENSMUSG00000027074","ENSMUSG00000027074","Slc43a3",177,201,3
"ENSMUSG00000062729","ENSMUSG00000062729","Ppox",178,201.666666666667,3
"ENSMUSG00000020077","ENSMUSG00000020077","Srgn",179,204,3
"ENSMUSG00000026094","ENSMUSG00000026094","Stk17b",180,205.666666666667,3
"ENSMUSG00000002997","ENSMUSG00000002997","Prkar2b",181,206.333333333333,3
"ENSMUSG00000074141","ENSMUSG00000074141","Il4i1",182,209,3
"ENSMUSG00000028121","ENSMUSG00000028121","Bcar3",183,210,3
"ENSMUSG00000052889","ENSMUSG00000052889","Prkcb",184,210.333333333333,3
"ENSMUSG00000028328","ENSMUSG00000028328","Tmod1",185,211.666666666667,3
"ENSMUSG00000018819","ENSMUSG00000018819","Lsp1",186,213,3
"ENSMUSG00000025993","ENSMUSG00000025993","Slc40a1",187,214,3
"ENSMUSG00000026028","ENSMUSG00000026028","Trak2",188.5,214.333333333333,3
"ENSMUSG00000049313","ENSMUSG00000049313","Sorl1",188.5,214.333333333333,3
"ENSMUSG00000028906","ENSMUSG00000028906","Epb41",190.5,216.333333333333,3
"ENSMUSG00000052013","ENSMUSG00000052013","Btla",190.5,216.333333333333,3
"ENSMUSG00000096010","ENSMUSG00000096010","Hist4h4",192.5,216.666666666667,3
"ENSMUSG00000031004","ENSMUSG00000031004","Mki67",192.5,216.666666666667,3
"ENSMUSG00000035206","ENSMUSG00000035206","Sppl2b",194,217,3
"ENSMUSG00000028063","ENSMUSG00000028063","Lmna",195,219.333333333333,3
"ENSMUSG00000030189","ENSMUSG00000030189","Ybx3",196,219.666666666667,3
"ENSMUSG00000028656","ENSMUSG00000028656","Cap1",197,220.333333333333,3
"ENSMUSG00000022504","ENSMUSG00000022504","Ciita",198,222,3
"ENSMUSG00000041237","ENSMUSG00000041237","Pklr",199,223,3
"ENSMUSG00000090019","ENSMUSG00000090019","Gimap1",200.5,223.333333333333,3
"ENSMUSG00000005583","ENSMUSG00000005583","Mef2c",200.5,223.333333333333,3
"ENSMUSG00000056201","ENSMUSG00000056201","Cfl1",202,225,3
"ENSMUSG00000042474","ENSMUSG00000042474","Fcmr",203,226,3
"ENSMUSG00000026581","ENSMUSG00000026581","Sell",204,228.666666666667,3
"ENSMUSG00000037336","ENSMUSG00000037336","Mfsd2b",205,229.333333333333,3
"ENSMUSG00000060981","ENSMUSG00000060981","Hist1h4h",206,231.666666666667,3
"ENSMUSG00000031762","ENSMUSG00000031762","Mt2",207,234.666666666667,3
"ENSMUSG00000043008","ENSMUSG00000043008","Klhl6",208,237.666666666667,3
"ENSMUSG00000035711","ENSMUSG00000035711","Dok3",209,238,3
"ENSMUSG00000015217","ENSMUSG00000015217","Hmgb3",210,239.333333333333,3
"ENSMUSG00000002985","ENSMUSG00000002985","Apoe",211,240.666666666667,3
"ENSMUSG00000009585","ENSMUSG00000009585","Apobec3",212,242.333333333333,3
"ENSMUSG00000056054","ENSMUSG00000056054","S100a8",213,245,3
"ENSMUSG00000063952","ENSMUSG00000063952","Brpf3",214,247,3
"ENSMUSG00000038612","ENSMUSG00000038612","Mcl1",215,248.333333333333,3
"ENSMUSG00000037649","ENSMUSG00000037649","H2-DMa",216,248.666666666667,3
"ENSMUSG00000060126","ENSMUSG00000060126","Tpt1",217,250.666666666667,3
"ENSMUSG00000021411","ENSMUSG00000021411","Pxdc1",218,251,3
"ENSMUSG00000037337","ENSMUSG00000037337","Map4k1",219,251.333333333333,3
"ENSMUSG00000044468","ENSMUSG00000044468","Tent5c",220,254,3
"ENSMUSG00000001588","ENSMUSG00000001588","Acap1",221.5,254.333333333333,3
"ENSMUSG00000057069","ENSMUSG00000057069","Ero1lb",221.5,254.333333333333,3
"ENSMUSG00000051839","ENSMUSG00000051839","Gypa",223,254.666666666667,3
"ENSMUSG00000041187","ENSMUSG00000041187","Prkd2",224,256.333333333333,3
"ENSMUSG00000020372","ENSMUSG00000020372","Rack1",225,257.666666666667,3
"ENSMUSG00000042770","ENSMUSG00000042770","Hebp1",226,258,3
"ENSMUSG00000026712","ENSMUSG00000026712","Mrc1",227,259,3
"ENSMUSG00000037071","ENSMUSG00000037071","Scd1",228,259.666666666667,3
"ENSMUSG00000020490","ENSMUSG00000020490","Btnl10",229,261,3
"ENSMUSG00000030067","ENSMUSG00000030067","Foxp1",230,261.333333333333,3
"ENSMUSG00000025357","ENSMUSG00000025357","Dgka",231,263,3
"ENSMUSG00000028717","ENSMUSG00000028717","Tal1",232.5,264.666666666667,3
"ENSMUSG00000021451","ENSMUSG00000021451","Sema4d",232.5,264.666666666667,3
"ENSMUSG00000053279","ENSMUSG00000053279","Aldh1a1",234,265,3
"ENSMUSG00000039253","ENSMUSG00000039253","Fn3krp",235,267,3
"ENSMUSG00000018654","ENSMUSG00000018654","Ikzf1",236,267.666666666667,3
"ENSMUSG00000098814","ENSMUSG00000098814","Igkv19-93",237,268.666666666667,3
"ENSMUSG00000079557","ENSMUSG00000079557","March2",238,270.333333333333,3
"ENSMUSG00000015950","ENSMUSG00000015950","Ncf1",239,271,3
"ENSMUSG00000017132","ENSMUSG00000017132","Cyth1",240,271.666666666667,3
"ENSMUSG00000006519","ENSMUSG00000006519","Cyba",241,272,3
"ENSMUSG00000031304","ENSMUSG00000031304","Il2rg",242,275.666666666667,3
"ENSMUSG00000067341","ENSMUSG00000067341","H2-Eb2",243,276.333333333333,3
"ENSMUSG00000044167","ENSMUSG00000044167","Foxo1",244.5,277.333333333333,3
"ENSMUSG00000051212","ENSMUSG00000051212","Gpr183",244.5,277.333333333333,3
"ENSMUSG00000020743","ENSMUSG00000020743","Mif4gd",246,277.666666666667,3
"ENSMUSG00000032688","ENSMUSG00000032688","Malt1",247,278.666666666667,3
"ENSMUSG00000064262","ENSMUSG00000064262","Gimap8",248,279.333333333333,3
"ENSMUSG00000023274","ENSMUSG00000023274","Cd4",249,280,3
"ENSMUSG00000001175","ENSMUSG00000001175","Calm1",250,281,3
"ENSMUSG00000030275","ENSMUSG00000030275","Etnk1",251,281.333333333333,3
"ENSMUSG00000026415","ENSMUSG00000026415","Fcamr",252,282.666666666667,3
"ENSMUSG00000036256","ENSMUSG00000036256","Igfbp7",253,287.333333333333,3
"ENSMUSG00000013663","ENSMUSG00000013663","Pten",254,288.333333333333,3
"ENSMUSG00000025702","ENSMUSG00000025702","March8",255,289.666666666667,3
"ENSMUSG00000030688","ENSMUSG00000030688","Stard10",256,290.666666666667,3
"ENSMUSG00000031207","ENSMUSG00000031207","Msn",257,291.333333333333,3
"ENSMUSG00000039852","ENSMUSG00000039852","Rere",258.5,292.333333333333,3
"ENSMUSG00000038991","ENSMUSG00000038991","Txndc5",258.5,292.333333333333,3
"ENSMUSG00000007041","ENSMUSG00000007041","Clic1",260,295.333333333333,3
"ENSMUSG00000040747","ENSMUSG00000040747","Cd53",261.5,297,3
"ENSMUSG00000061356","ENSMUSG00000061356","Nuggc",261.5,297,3
"ENSMUSG00000029322","ENSMUSG00000029322","Plac8",263,298.333333333333,3
"ENSMUSG00000029204","ENSMUSG00000029204","Rhoh",264,299.666666666667,3
"ENSMUSG00000049577","ENSMUSG00000049577","Zfpm1",265,300.333333333333,3
"ENSMUSG00000039361","ENSMUSG00000039361","Picalm",266,302,3
"ENSMUSG00000037580","ENSMUSG00000037580","Gch1",267,303,3
"ENSMUSG00000030104","ENSMUSG00000030104","Edem1",268,305,3
"ENSMUSG00000037822","ENSMUSG00000037822","Smim14",269,306.666666666667,3
"ENSMUSG00000027219","ENSMUSG00000027219","Slc28a2",270,307.666666666667,3
"ENSMUSG00000026594","ENSMUSG00000026594","Ralgps2",271,308.333333333333,3
"ENSMUSG00000030403","ENSMUSG00000030403","Vasp",272,309.333333333333,3
"ENSMUSG00000032131","ENSMUSG00000032131","Abcg4",273,309.666666666667,3
"ENSMUSG00000037415","ENSMUSG00000037415","Ranbp10",274,310,3
"ENSMUSG00000021939","ENSMUSG00000021939","Ctsb",275,310.333333333333,3
"ENSMUSG00000047945","ENSMUSG00000047945","Marcksl1",276,311.333333333333,3
"ENSMUSG00000040751","ENSMUSG00000040751","Lat2",277,312,3
"ENSMUSG00000026880","ENSMUSG00000026880","Stom",278.5,312.666666666667,3
"ENSMUSG00000050912","ENSMUSG00000050912","Tmem123",278.5,312.666666666667,3
"ENSMUSG00000056737","ENSMUSG00000056737","Capg",280,314.333333333333,3
"ENSMUSG00000034449","ENSMUSG00000034449","Dhrs11",281,318.666666666667,3
"ENSMUSG00000014030","ENSMUSG00000014030","Pax5",282,319,3
"ENSMUSG00000006782","ENSMUSG00000006782","Cnp",283,320.333333333333,3
"ENSMUSG00000062210","ENSMUSG00000062210","Tnfaip8",284,320.666666666667,3
"ENSMUSG00000034634","ENSMUSG00000034634","Ly6d",285,321.666666666667,3
"ENSMUSG00000050549","ENSMUSG00000050549","Fam241a",286,324.333333333333,3
"ENSMUSG00000067212","ENSMUSG00000067212","H2-T23",287,324.666666666667,3
"ENSMUSG00000024854","ENSMUSG00000024854","Pold4",288,326.666666666667,3
"ENSMUSG00000006360","ENSMUSG00000006360","Crip1",289,328,3
"ENSMUSG00000004897","ENSMUSG00000004897","Hdgf",290,329.666666666667,3
"ENSMUSG00000043895","ENSMUSG00000043895","S1pr2",291,332.666666666667,3
"ENSMUSG00000056917","ENSMUSG00000056917","Sipa1",292,336,3
"ENSMUSG00000015312","ENSMUSG00000015312","Gadd45b",293,339.666666666667,3
"ENSMUSG00000032000","ENSMUSG00000032000","Birc3",294.5,340.333333333333,3
"ENSMUSG00000067586","ENSMUSG00000067586","S1pr3",294.5,340.333333333333,3
"ENSMUSG00000020300","ENSMUSG00000020300","Cpeb4",296.5,340.666666666667,3
"ENSMUSG00000033885","ENSMUSG00000033885","Pxk",296.5,340.666666666667,3
"ENSMUSG00000032359","ENSMUSG00000032359","Ctsh",298,341,3
"ENSMUSG00000050157","ENSMUSG00000050157","Gm867",299,343.333333333333,3
"ENSMUSG00000026728","ENSMUSG00000026728","Vim",300,343.666666666667,3
"ENSMUSG00000024533","ENSMUSG00000024533","Spire1",301,344.333333333333,3
"ENSMUSG00000042228","ENSMUSG00000042228","Lyn",302,346,3
"ENSMUSG00000028333","ENSMUSG00000028333","Anp32b",303,346.333333333333,3
"ENSMUSG00000025495","ENSMUSG00000025495","Ptdss2",304,348,3
"ENSMUSG00000036427","ENSMUSG00000036427","Gpi1",305,349.333333333333,3
"ENSMUSG00000025647","ENSMUSG00000025647","Shisa5",306,350.666666666667,3
"ENSMUSG00000021262","ENSMUSG00000021262","Evl",307.5,351.666666666667,3
"ENSMUSG00000090523","ENSMUSG00000090523","Gypc",307.5,351.666666666667,3
"ENSMUSG00000041642","ENSMUSG00000041642","Kif21b",309,353,3
"ENSMUSG00000031662","ENSMUSG00000031662","Snx20",310.5,353.666666666667,3
"ENSMUSG00000000732","ENSMUSG00000000732","Icosl",310.5,353.666666666667,3
"ENSMUSG00000026755","ENSMUSG00000026755","Arpc5l",312,354,3
"ENSMUSG00000036526","ENSMUSG00000036526","Card11",313,355,3
"ENSMUSG00000032220","ENSMUSG00000032220","Myo1e",314,356,3
"ENSMUSG00000040481","ENSMUSG00000040481","Bptf",315,357.333333333333,3
"ENSMUSG00000022283","ENSMUSG00000022283","Pabpc1",316,358,3
"ENSMUSG00000059994","ENSMUSG00000059994","Fcrl1",317,358.333333333333,3
"ENSMUSG00000042644","ENSMUSG00000042644","Itpr3",318,359.333333333333,3
"ENSMUSG00000020048","ENSMUSG00000020048","Hsp90b1",319,359.666666666667,3
"ENSMUSG00000030157","ENSMUSG00000030157","Clec2d",320.5,360.666666666667,3
"ENSMUSG00000045322","ENSMUSG00000045322","Tlr9",320.5,360.666666666667,3
"ENSMUSG00000016756","ENSMUSG00000016756","Cmah",322,362.333333333333,3
"ENSMUSG00000049687","ENSMUSG00000049687","Pheta2",323,364.333333333333,3
"ENSMUSG00000070369","ENSMUSG00000070369","Itgad",324,366,3
"ENSMUSG00000027580","ENSMUSG00000027580","Helz2",325,366.333333333333,3
"ENSMUSG00000031765","ENSMUSG00000031765","Mt1",326,369,3
"ENSMUSG00000022378","ENSMUSG00000022378","Fam49b",327,370.333333333333,3
"ENSMUSG00000026822","ENSMUSG00000026822","Lcn2",328,370.666666666667,3
"ENSMUSG00000040270","ENSMUSG00000040270","Bach2",330,371.333333333333,3
"ENSMUSG00000029465","ENSMUSG00000029465","Arpc3",330,371.333333333333,3
"ENSMUSG00000017499","ENSMUSG00000017499","Cdc6",330,371.333333333333,3
"ENSMUSG00000058799","ENSMUSG00000058799","Nap1l1",332,372.333333333333,3
"ENSMUSG00000034484","ENSMUSG00000034484","Snx2",333,376,3
"ENSMUSG00000024696","ENSMUSG00000024696","Lpxn",334,376.666666666667,3
"ENSMUSG00000042331","ENSMUSG00000042331","Specc1",335,377.333333333333,3
"ENSMUSG00000029370","ENSMUSG00000029370","Rassf6",336,378.333333333333,3
"ENSMUSG00000052760","ENSMUSG00000052760","A630001G21Rik",337,381,3
"ENSMUSG00000017002","ENSMUSG00000017002","Slpi",338,381.666666666667,3
"ENSMUSG00000032298","ENSMUSG00000032298","Neil1",339,382,3
"ENSMUSG00000025132","ENSMUSG00000025132","Arhgdia",340,382.666666666667,3
"ENSMUSG00000057337","ENSMUSG00000057337","Chst3",341.5,386,3
"ENSMUSG00000073411","ENSMUSG00000073411","H2-D1",341.5,386,3
"ENSMUSG00000070738","ENSMUSG00000070738","Dgkd",343,386.333333333333,3
"ENSMUSG00000003746","ENSMUSG00000003746","Man1a",344,387,3
"ENSMUSG00000029428","ENSMUSG00000029428","Stx2",345,389.666666666667,3
"ENSMUSG00000020275","ENSMUSG00000020275","Rel",346.5,390.333333333333,3
"ENSMUSG00000052160","ENSMUSG00000052160","Pld4",346.5,390.333333333333,3
"ENSMUSG00000018909","ENSMUSG00000018909","Arrb1",348,392,3
"ENSMUSG00000022587","ENSMUSG00000022587","Ly6e",349.5,394.333333333333,3
"ENSMUSG00000036452","ENSMUSG00000036452","Arhgap26",349.5,394.333333333333,3
"ENSMUSG00000072620","ENSMUSG00000072620","Slfn2",351.5,394.666666666667,3
"ENSMUSG00000096727","ENSMUSG00000096727","Psmb9",351.5,394.666666666667,3
"ENSMUSG00000039316","ENSMUSG00000039316","Rftn1",353,396,3
"ENSMUSG00000068855","ENSMUSG00000068855","Hist2h2ac",354,396.333333333333,3
"ENSMUSG00000028124","ENSMUSG00000028124","Gclm",355,398.333333333333,3
"ENSMUSG00000027715","ENSMUSG00000027715","Ccna2",356,399.333333333333,3
"ENSMUSG00000025175","ENSMUSG00000025175","Fn3k",357,401.333333333333,3
"ENSMUSG00000059923","ENSMUSG00000059923","Grb2",358,402,3
"ENSMUSG00000023927","ENSMUSG00000023927","Satb1",359,402.333333333333,3
"ENSMUSG00000054191","ENSMUSG00000054191","Klf1",360,404.333333333333,3
"ENSMUSG00000026656","ENSMUSG00000026656","Fcgr2b",361,405,3
"ENSMUSG00000042333","ENSMUSG00000042333","Tnfrsf14",362,406,3
"ENSMUSG00000035629","ENSMUSG00000035629","Rubcn",363,406.666666666667,3
"ENSMUSG00000022508","ENSMUSG00000022508","Bcl6",364,408,3
"ENSMUSG00000022100","ENSMUSG00000022100","Xpo7",365,410.333333333333,3
"ENSMUSG00000044453","ENSMUSG00000044453","Ffar1",366.5,410.666666666667,3
"ENSMUSG00000034116","ENSMUSG00000034116","Vav1",366.5,410.666666666667,3
"ENSMUSG00000036106","ENSMUSG00000036106","Prr5",368,412,3
"ENSMUSG00000048865","ENSMUSG00000048865","Arhgap30",369,416,3
"ENSMUSG00000001741","ENSMUSG00000001741","Il16",370,417.333333333333,3
"ENSMUSG00000027075","ENSMUSG00000027075","Slc43a1",371,417.666666666667,3
"ENSMUSG00000025574","ENSMUSG00000025574","Tk1",372,418.333333333333,3
"ENSMUSG00000028745","ENSMUSG00000028745","Capzb",373.5,418.666666666667,3
"ENSMUSG00000076928","ENSMUSG00000076928","Trac",373.5,418.666666666667,3
"ENSMUSG00000018398","ENSMUSG00000018398","Sept8",375,419,3
"ENSMUSG00000010048","ENSMUSG00000010048","Ifrd2",376.5,419.666666666667,3
"ENSMUSG00000052142","ENSMUSG00000052142","Rasal3",376.5,419.666666666667,3
"ENSMUSG00000000915","ENSMUSG00000000915","Hip1r",378,420,3
"ENSMUSG00000022425","ENSMUSG00000022425","Enpp2",379,421.666666666667,3
"ENSMUSG00000074886","ENSMUSG00000074886","Grk6",380,422.666666666667,3
"ENSMUSG00000043931","ENSMUSG00000043931","Gimap7",381.5,423.666666666667,3
"ENSMUSG00000021025","ENSMUSG00000021025","Nfkbia",381.5,423.666666666667,3
"ENSMUSG00000020427","ENSMUSG00000020427","Igfbp3",383,424,3
"ENSMUSG00000028649","ENSMUSG00000028649","Macf1",384,424.666666666667,3
"ENSMUSG00000019823","ENSMUSG00000019823","Mical1",385,425.666666666667,3
"ENSMUSG00000058773","ENSMUSG00000058773","Hist1h1b",386,426.333333333333,2
"ENSMUSG00000032011","ENSMUSG00000032011","Thy1",387,427.333333333333,3
"ENSMUSG00000022659","ENSMUSG00000022659","Gcsam",388,428.333333333333,3
"ENSMUSG00000006304","ENSMUSG00000006304","Arpc2",389,429,3
"ENSMUSG00000021423","ENSMUSG00000021423","Ly86",390,429.666666666667,3
"ENSMUSG00000078350","ENSMUSG00000078350","Smim1",391.5,432.333333333333,3
"ENSMUSG00000036390","ENSMUSG00000036390","Gadd45a",391.5,432.333333333333,3
"ENSMUSG00000029780","ENSMUSG00000029780","Nt5c3",393,433.666666666667,3
"ENSMUSG00000073725","ENSMUSG00000073725","Lmbrd1",394,434.333333333333,3
"ENSMUSG00000041842","ENSMUSG00000041842","Fhdc1",395,435.333333333333,3
"ENSMUSG00000031933","ENSMUSG00000031933","Izumo1r",396,435.666666666667,3
"ENSMUSG00000005103","ENSMUSG00000005103","Wdr1",397,436,3
"ENSMUSG00000008393","ENSMUSG00000008393","Carhsp1",398,437,3
"ENSMUSG00000056656","ENSMUSG00000056656","Apol8",399,438.666666666667,3
"ENSMUSG00000069274","ENSMUSG00000069274","Hist1h4f",400,439.666666666667,3
"ENSMUSG00000025967","ENSMUSG00000025967","Eef1b2",401,442.666666666667,3
"ENSMUSG00000041120","ENSMUSG00000041120","Nbl1",402,444,2
"ENSMUSG00000020340","ENSMUSG00000020340","Cyfip2",403,445,3
"ENSMUSG00000071715","ENSMUSG00000071715","Ncf4",404,445.666666666667,3
"ENSMUSG00000028211","ENSMUSG00000028211","Trp53inp1",405,448,3
"ENSMUSG00000015937","ENSMUSG00000015937","H2afy",406,449.333333333333,3
"ENSMUSG00000023505","ENSMUSG00000023505","Cdca3",407,451,3
"ENSMUSG00000021948","ENSMUSG00000021948","Prkcd",408.5,451.333333333333,3
"ENSMUSG00000022108","ENSMUSG00000022108","Itm2b",408.5,451.333333333333,3
"ENSMUSG00000000486","ENSMUSG00000000486","Sept1",410,452,3
"ENSMUSG00000032294","ENSMUSG00000032294","Pkm",411,452.666666666667,3
"ENSMUSG00000025823","ENSMUSG00000025823","Pdia4",412.5,453.333333333333,3
"ENSMUSG00000032411","ENSMUSG00000032411","Tfdp2",412.5,453.333333333333,2
"ENSMUSG00000022092","ENSMUSG00000022092","Ppp3cc",414.5,453.666666666667,3
"ENSMUSG00000025017","ENSMUSG00000025017","Pik3ap1",414.5,453.666666666667,3
"ENSMUSG00000022285","ENSMUSG00000022285","Ywhaz",416,454,3
"ENSMUSG00000040385","ENSMUSG00000040385","Ppp1ca",417,457.333333333333,3
"ENSMUSG00000040990","ENSMUSG00000040990","Sh3kbp1",418,458,3
"ENSMUSG00000024937","ENSMUSG00000024937","Ehbp1l1",419,459.333333333333,3
"ENSMUSG00000020802","ENSMUSG00000020802","Ube2o",420,459.666666666667,3
"ENSMUSG00000026185","ENSMUSG00000026185","Igfbp5",421,460,3
"ENSMUSG00000072941","ENSMUSG00000072941","Sod3",422,460.333333333333,3
"ENSMUSG00000021218","ENSMUSG00000021218","Gdi2",423,460.666666666667,3
"ENSMUSG00000071042","ENSMUSG00000071042","Rasgrp3",424,461,3
"ENSMUSG00000055653","ENSMUSG00000055653","Gpc3",425,462,2
"ENSMUSG00000073063","ENSMUSG00000073063","Hbq1b",426,462.333333333333,3
"ENSMUSG00000023216","ENSMUSG00000023216","Epb42",427,463,2
"ENSMUSG00000105547","ENSMUSG00000105547","Iglc3",428,463.666666666667,2
"ENSMUSG00000041112","ENSMUSG00000041112","Elmo1",429,464,3
"ENSMUSG00000017652","ENSMUSG00000017652","Cd40",430.5,466.333333333333,3
"ENSMUSG00000029722","ENSMUSG00000029722","Agfg2",430.5,466.333333333333,3
"ENSMUSG00000031557","ENSMUSG00000031557","Plekha2",432,466.666666666667,3
"ENSMUSG00000034593","ENSMUSG00000034593","Myo5a",433,468.333333333333,3
"ENSMUSG00000026655","ENSMUSG00000026655","Fam107b",434.5,472.333333333333,3
"ENSMUSG00000002870","ENSMUSG00000002870","Mcm2",434.5,472.333333333333,3
"ENSMUSG00000026979","ENSMUSG00000026979","Psd4",436,473,3
"ENSMUSG00000027639","ENSMUSG00000027639","Samhd1",437,475.666666666667,3
"ENSMUSG00000005447","ENSMUSG00000005447","Pafah1b3",438,476,3
"ENSMUSG00000002602","ENSMUSG00000002602","Axl",439,478,3
"ENSMUSG00000001156","ENSMUSG00000001156","Mxd1",440,480,3
"ENSMUSG00000016256","ENSMUSG00000016256","Ctsz",441.5,480.333333333333,3
"ENSMUSG00000037321","ENSMUSG00000037321","Tap1",441.5,480.333333333333,3
"ENSMUSG00000030060","ENSMUSG00000030060","Hmces",443,482.666666666667,3
"ENSMUSG00000002458","ENSMUSG00000002458","Rgs19",444.5,484,3
"ENSMUSG00000051124","ENSMUSG00000051124","Gimap9",444.5,484,3
"ENSMUSG00000021792","ENSMUSG00000021792","Prxl2a",446,484.666666666667,3
"ENSMUSG00000030336","ENSMUSG00000030336","Cd27",447,488.666666666667,3
"ENSMUSG00000019942","ENSMUSG00000019942","Cdk1",448,492,3
"ENSMUSG00000026547","ENSMUSG00000026547","Tagln2",449,492.333333333333,3
"ENSMUSG00000002020","ENSMUSG00000002020","Ltbp2",450,496.5,2
"ENSMUSG00000035042","ENSMUSG00000035042","Ccl5",451,497.666666666667,3
"ENSMUSG00000071076","ENSMUSG00000071076","Jund",452,500.666666666667,3
"ENSMUSG00000027601","ENSMUSG00000027601","Mtfr1",453,501.333333333333,3
"ENSMUSG00000029217","ENSMUSG00000029217","Tec",454,501.666666666667,3
"ENSMUSG00000041571","ENSMUSG00000041571","Selenow",456,502,3
"ENSMUSG00000082101","ENSMUSG00000082101","Slfn14",456,502,3
"ENSMUSG00000061878","ENSMUSG00000061878","Sphk1",456,502,3
"ENSMUSG00000055148","ENSMUSG00000055148","Klf2",458,502.666666666667,3
"ENSMUSG00000081534","ENSMUSG00000081534","Slc48a1",459,503.666666666667,3
"ENSMUSG00000003585","ENSMUSG00000003585","Sec14l2",460,505,3
"ENSMUSG00000030691","ENSMUSG00000030691","Fchsd2",461,505.333333333333,3
"ENSMUSG00000041528","ENSMUSG00000041528","Rnf123",462,507.333333333333,3
"ENSMUSG00000037012","ENSMUSG00000037012","Hk1",463,508,3
"ENSMUSG00000060802","ENSMUSG00000060802","B2m",464,509,3
"ENSMUSG00000052298","ENSMUSG00000052298","Cdc42se2",465,509.666666666667,3
"ENSMUSG00000068735","ENSMUSG00000068735","Trp53i11",466.5,511.333333333333,3
"ENSMUSG00000028776","ENSMUSG00000028776","Tinagl1",466.5,511.333333333333,3
"ENSMUSG00000061315","ENSMUSG00000061315","Naca",468,511.666666666667,3
"ENSMUSG00000056025","ENSMUSG00000056025","Clca3a1",469,513.333333333333,3
"ENSMUSG00000004568","ENSMUSG00000004568","Arhgef18",470,514.666666666667,3
"ENSMUSG00000075284","ENSMUSG00000075284","Wipf1",471,517.666666666667,3
"ENSMUSG00000076535","ENSMUSG00000076535","Igkv1-88",472,519,3
"ENSMUSG00000007659","ENSMUSG00000007659","Bcl2l1",473,522.333333333333,3
"ENSMUSG00000029840","ENSMUSG00000029840","Mtpn",474,525,3
"ENSMUSG00000024248","ENSMUSG00000024248","Cox7a2l",475,526,3
"ENSMUSG00000024402","ENSMUSG00000024402","Lta",476,526.666666666667,3
"ENSMUSG00000041515","ENSMUSG00000041515","Irf8",477.5,527.333333333333,3
"ENSMUSG00000022438","ENSMUSG00000022438","Parvb",477.5,527.333333333333,3
"ENSMUSG00000036908","ENSMUSG00000036908","Unc93b1",479.5,531,3
"ENSMUSG00000032946","ENSMUSG00000032946","Rasgrp2",479.5,531,3
"ENSMUSG00000015396","ENSMUSG00000015396","Cd83",481,532.333333333333,3
"ENSMUSG00000029661","ENSMUSG00000029661","Col1a2",482,533,2
"ENSMUSG00000030748","ENSMUSG00000030748","Il4ra",483,534,3
"ENSMUSG00000023990","ENSMUSG00000023990","Tfeb",484,536.333333333333,3
"ENSMUSG00000006235","ENSMUSG00000006235","Epor",485,537,3
"ENSMUSG00000037318","ENSMUSG00000037318","Traf3ip3",486,537.666666666667,3
"ENSMUSG00000029675","ENSMUSG00000029675","Eln",487.5,543,2
"ENSMUSG00000004040","ENSMUSG00000004040","Stat3",487.5,543,3
"ENSMUSG00000026203","ENSMUSG00000026203","Dnajb2",489,544,3
"ENSMUSG00000063011","ENSMUSG00000063011","Msln",490,544.333333333333,2
"ENSMUSG00000023078","ENSMUSG00000023078","Cxcl13",491,545.333333333333,3
"ENSMUSG00000030047","ENSMUSG00000030047","Arhgap25",492.5,547.333333333333,3
"ENSMUSG00000033174","ENSMUSG00000033174","Mgll",492.5,547.333333333333,3
"ENSMUSG00000039844","ENSMUSG00000039844","Rapgef1",494,549.333333333333,3
"ENSMUSG00000017679","ENSMUSG00000017679","Ttpal",495,551,3
"ENSMUSG00000030979","ENSMUSG00000030979","Uros",496,553,3
"ENSMUSG00000035273","ENSMUSG00000035273","Hpse",497,553.666666666667,3
"ENSMUSG00000027333","ENSMUSG00000027333","Smox",498,554.333333333333,3
"ENSMUSG00000026126","ENSMUSG00000026126","Ptpn18",499,555,3
"ENSMUSG00000076580","ENSMUSG00000076580","Igkv8-27",500,555.333333333333,2
"ENSMUSG00000031453","ENSMUSG00000031453","Rasa3",501,555.666666666667,3
"ENSMUSG00000042744","ENSMUSG00000042744","Hectd4",502,556,3
"ENSMUSG00000001700","ENSMUSG00000001700","Gramd3",503,556.333333333333,3
"ENSMUSG00000041329","ENSMUSG00000041329","Atp1b2",504,561.333333333333,3
"ENSMUSG00000024053","ENSMUSG00000024053","Emilin2",505,562,3
"ENSMUSG00000026832","ENSMUSG00000026832","Cytip",506.5,562.666666666667,3
"ENSMUSG00000022838","ENSMUSG00000022838","Eaf2",506.5,562.666666666667,3
"ENSMUSG00000027495","ENSMUSG00000027495","Fam210b",508,563,3
"ENSMUSG00000069094","ENSMUSG00000069094","Pde7a",509,563.333333333333,3
"ENSMUSG00000061086","ENSMUSG00000061086","Myl4",510,563.666666666667,3
"ENSMUSG00000076570","ENSMUSG00000076570","Igkv12-38",511,565.333333333333,3
"ENSMUSG00000018677","ENSMUSG00000018677","Slc25a39",512,566,3
"ENSMUSG00000022831","ENSMUSG00000022831","Hcls1",513,567.333333333333,3
"ENSMUSG00000024677","ENSMUSG00000024677","Ms4a6b",514,569.333333333333,3
"ENSMUSG00000000378","ENSMUSG00000000378","Ccm2",515,570.333333333333,3
"ENSMUSG00000028015","ENSMUSG00000028015","Ctso",516,572,3
"ENSMUSG00000020120","ENSMUSG00000020120","Plek",517,572.333333333333,3
"ENSMUSG00000050350","ENSMUSG00000050350","Gpr18",518,573.666666666667,3
"ENSMUSG00000074071","ENSMUSG00000074071","Fam169b",519,576.333333333333,3
"ENSMUSG00000026012","ENSMUSG00000026012","Cd28",520.5,579.333333333333,3
"ENSMUSG00000036718","ENSMUSG00000036718","Micall2",520.5,579.333333333333,3
"ENSMUSG00000064373","ENSMUSG00000064373","Selenop",522,580,3
"ENSMUSG00000021361","ENSMUSG00000021361","Tmem14c",523.5,580.666666666667,2
"ENSMUSG00000022914","ENSMUSG00000022914","Brwd1",523.5,580.666666666667,3
"ENSMUSG00000026414","ENSMUSG00000026414","Tnnt2",525,581,2
"ENSMUSG00000027447","ENSMUSG00000027447","Cst3",526,581.666666666667,3
"ENSMUSG00000020611","ENSMUSG00000020611","Gna13",527,582.666666666667,3
"ENSMUSG00000022540","ENSMUSG00000022540","Rogdi",528,583,3
"ENSMUSG00000023328","ENSMUSG00000023328","Ache",529.5,584.333333333333,2
"ENSMUSG00000017774","ENSMUSG00000017774","Myo1c",529.5,584.333333333333,3
"ENSMUSG00000037894","ENSMUSG00000037894","H2afz",531,584.666666666667,3
"ENSMUSG00000033685","ENSMUSG00000033685","Ucp2",532,585.333333333333,2
"ENSMUSG00000032519","ENSMUSG00000032519","Slc25a38",533,585.666666666667,3
"ENSMUSG00000029771","ENSMUSG00000029771","Irf5",534,586,3
"ENSMUSG00000039395","ENSMUSG00000039395","Mreg",535.5,587,3
"ENSMUSG00000071644","ENSMUSG00000071644","Eef1g",535.5,587,2
"ENSMUSG00000059336","ENSMUSG00000059336","Slc14a1",537,588.333333333333,3
"ENSMUSG00000079547","ENSMUSG00000079547","H2-DMb1",538,589.333333333333,3
"ENSMUSG00000026637","ENSMUSG00000026637","Traf5",539,590,3
"ENSMUSG00000029560","ENSMUSG00000029560","Snx8",540,591,3
"ENSMUSG00000051079","ENSMUSG00000051079","Rgs13",541,592.333333333333,3
"ENSMUSG00000079553","ENSMUSG00000079553","Kifc1",542,595,3
"ENSMUSG00000115338","ENSMUSG00000115338","Pnp",543,596.666666666667,2
"ENSMUSG00000001366","ENSMUSG00000001366","Fbxo9",544,597.333333333333,3
"ENSMUSG00000024896","ENSMUSG00000024896","Minpp1",545,598.333333333333,3
"ENSMUSG00000020310","ENSMUSG00000020310","Madcam1",546,600,3
"ENSMUSG00000095079","ENSMUSG00000095079","Igha",547,603,2
"ENSMUSG00000031897","ENSMUSG00000031897","Psmb10",548,603.666666666667,3
"ENSMUSG00000025026","ENSMUSG00000025026","Add3",549,605,3
"ENSMUSG00000038264","ENSMUSG00000038264","Sema7a",550,605.333333333333,3
"ENSMUSG00000037124","ENSMUSG00000037124","Trim58",551,606.333333333333,3
"ENSMUSG00000026864","ENSMUSG00000026864","Hspa5",552,611.333333333333,3
"ENSMUSG00000026288","ENSMUSG00000026288","Inpp5d",553,611.666666666667,3
"ENSMUSG00000020297","ENSMUSG00000020297","Nsg2",554.5,614.333333333333,3
"ENSMUSG00000037946","ENSMUSG00000037946","Fgd3",554.5,614.333333333333,3
"ENSMUSG00000036469","ENSMUSG00000036469","March1",556,617.333333333333,3
"ENSMUSG00000058624","ENSMUSG00000058624","Gda",557,617.666666666667,3
"ENSMUSG00000037944","ENSMUSG00000037944","Ccr7",558.5,620.666666666667,3
"ENSMUSG00000024669","ENSMUSG00000024669","Cd5",558.5,620.666666666667,3
"ENSMUSG00000020640","ENSMUSG00000020640","Itsn2",560,622,3
"ENSMUSG00000030536","ENSMUSG00000030536","Iqgap1",561,625,2
"ENSMUSG00000029804","ENSMUSG00000029804","Herc3",562.5,625.333333333333,3
"ENSMUSG00000104876","ENSMUSG00000104876","Trdc",562.5,625.333333333333,3
"ENSMUSG00000004032","ENSMUSG00000004032","Gstm5",564,626.666666666667,3
"ENSMUSG00000040940","ENSMUSG00000040940","Arhgef1",565,627.333333333333,3
"ENSMUSG00000032009","ENSMUSG00000032009","Sesn3",566,628.333333333333,3
"ENSMUSG00000029449","ENSMUSG00000029449","Rhof",567,629,3
"ENSMUSG00000004837","ENSMUSG00000004837","Grap",568,631,3
"ENSMUSG00000044199","ENSMUSG00000044199","S1pr4",569,631.333333333333,3
"ENSMUSG00000004642","ENSMUSG00000004642","Slbp",570,632.333333333333,3
"ENSMUSG00000040723","ENSMUSG00000040723","Rcsd1",571.5,634,3
"ENSMUSG00000040618","ENSMUSG00000040618","Pck2",571.5,634,2
"ENSMUSG00000034959","ENSMUSG00000034959","Rubcnl",574,634.666666666667,2
"ENSMUSG00000073409","ENSMUSG00000073409","H2-Q6",574,634.666666666667,3
"ENSMUSG00000002007","ENSMUSG00000002007","Srpk3",574,634.666666666667,3
"ENSMUSG00000033004","ENSMUSG00000033004","Mycbp2",576,635.666666666667,3
"ENSMUSG00000041740","ENSMUSG00000041740","Rnf10",577,636,3
"ENSMUSG00000057135","ENSMUSG00000057135","Scimp",578.5,639,3
"ENSMUSG00000045316","ENSMUSG00000045316","Fahd1",578.5,639,3
"ENSMUSG00000037138","ENSMUSG00000037138","Aff3",580.5,639.666666666667,3
"ENSMUSG00000027423","ENSMUSG00000027423","Snx5",580.5,639.666666666667,3
"ENSMUSG00000002668","ENSMUSG00000002668","Dennd1c",582,641.333333333333,3
"ENSMUSG00000033306","ENSMUSG00000033306","Lpp",583,643,3
"ENSMUSG00000000861","ENSMUSG00000000861","Bcl11a",584,643.666666666667,3
"ENSMUSG00000026463","ENSMUSG00000026463","Atp2b4",585.5,644,3
"ENSMUSG00000030862","ENSMUSG00000030862","Cpxm2",585.5,644,2
"ENSMUSG00000070691","ENSMUSG00000070691","Runx3",587,644.666666666667,3
"ENSMUSG00000015340","ENSMUSG00000015340","Cybb",588,645.666666666667,3
"ENSMUSG00000069814","ENSMUSG00000069814","Ccdc92b",589,646.666666666667,3
"ENSMUSG00000011752","ENSMUSG00000011752","Pgam1",590,649.333333333333,3
"ENSMUSG00000031101","ENSMUSG00000031101","Sash3",591,650.333333333333,3
"ENSMUSG00000037552","ENSMUSG00000037552","Plekhg2",592,651.333333333333,3
"ENSMUSG00000032094","ENSMUSG00000032094","Cd3d",593,653.666666666667,3
"ENSMUSG00000001014","ENSMUSG00000001014","Icam4",594,654,3
"ENSMUSG00000023947","ENSMUSG00000023947","Nfkbie",595,656.333333333333,3
"ENSMUSG00000021377","ENSMUSG00000021377","Dek",596,657,2
"ENSMUSG00000029373","ENSMUSG00000029373","Pf4",597.5,663.333333333333,2
"ENSMUSG00000020315","ENSMUSG00000020315","Sptbn1",597.5,663.333333333333,3
"ENSMUSG00000027962","ENSMUSG00000027962","Vcam1",599,665.333333333333,3
"ENSMUSG00000058715","ENSMUSG00000058715","Fcer1g",600,665.666666666667,3
"ENSMUSG00000075704","ENSMUSG00000075704","Txnrd2",601,667.666666666667,3
"ENSMUSG00000075415","ENSMUSG00000075415","Fnbp1",602,668.333333333333,3
"ENSMUSG00000038642","ENSMUSG00000038642","Ctss",603.5,673,3
"ENSMUSG00000030207","ENSMUSG00000030207","Fam234b",603.5,673,3
"ENSMUSG00000042436","ENSMUSG00000042436","Mfap4",605,673.666666666667,2
"ENSMUSG00000031328","ENSMUSG00000031328","Flna",606,675.666666666667,3
"ENSMUSG00000071669","ENSMUSG00000071669","Snx29",607,678.333333333333,3
"ENSMUSG00000024858","ENSMUSG00000024858","Grk2",608,678.666666666667,2
"ENSMUSG00000048031","ENSMUSG00000048031","Fcrl5",609,679,3
"ENSMUSG00000050271","ENSMUSG00000050271","Prag1",610,685,3
"ENSMUSG00000005610","ENSMUSG00000005610","Eif4g2",611,685.333333333333,3
"ENSMUSG00000021384","ENSMUSG00000021384","Susd3",612,686,3
"ENSMUSG00000021109","ENSMUSG00000021109","Hif1a",613,687.666666666667,3
"ENSMUSG00000037788","ENSMUSG00000037788","Vopp1",614,688,3
"ENSMUSG00000020029","ENSMUSG00000020029","Nudt4",615,688.666666666667,3
"ENSMUSG00000000594","ENSMUSG00000000594","Gm2a",616,689.666666666667,3
"ENSMUSG00000028545","ENSMUSG00000028545","Bend5",617,690.666666666667,3
"ENSMUSG00000033688","ENSMUSG00000033688","1300017J02Rik",618.5,691.333333333333,3
"ENSMUSG00000017716","ENSMUSG00000017716","Birc5",618.5,691.333333333333,3
"ENSMUSG00000043336","ENSMUSG00000043336","Filip1l",620,692.333333333333,3
"ENSMUSG00000028559","ENSMUSG00000028559","Osbpl9",621,693,3
"ENSMUSG00000032413","ENSMUSG00000032413","Rasa2",622,693.666666666667,3
"ENSMUSG00000026623","ENSMUSG00000026623","Lpgat1",623,694.333333333333,3
"ENSMUSG00000030232","ENSMUSG00000030232","Aebp2",624,694.666666666667,2
"ENSMUSG00000019961","ENSMUSG00000019961","Tmpo",625,695.333333333333,3
"ENSMUSG00000021091","ENSMUSG00000021091","Serpina3n",626,697,3
"ENSMUSG00000050357","ENSMUSG00000050357","Carmil2",627,697.333333333333,3
"ENSMUSG00000024334","ENSMUSG00000024334","H2-Oa",628,698.666666666667,3
"ENSMUSG00000072772","ENSMUSG00000072772","Grcc10",629,699,3
"ENSMUSG00000030218","ENSMUSG00000030218","Mgp",630,700,2
"ENSMUSG00000020272","ENSMUSG00000020272","Stk10",631,701.333333333333,2
"ENSMUSG00000030830","ENSMUSG00000030830","Itgal",632,702.333333333333,3
"ENSMUSG00000039158","ENSMUSG00000039158","Akna",634,702.666666666667,3
"ENSMUSG00000022488","ENSMUSG00000022488","Nckap1l",634,702.666666666667,3
"ENSMUSG00000024778","ENSMUSG00000024778","Fas",634,702.666666666667,3
"ENSMUSG00000076498","ENSMUSG00000076498","Trbc2",636.5,703.666666666667,2
"ENSMUSG00000035354","ENSMUSG00000035354","Uvrag",636.5,703.666666666667,3
"ENSMUSG00000069301","ENSMUSG00000069301","Hist1h2ag",638,704,2
"ENSMUSG00000032028","ENSMUSG00000032028","Nxpe2",639,706.333333333333,2
"ENSMUSG00000036896","ENSMUSG00000036896","C1qc",640,707,3
"ENSMUSG00000031633","ENSMUSG00000031633","Slc25a4",641,707.333333333333,3
"ENSMUSG00000032221","ENSMUSG00000032221","Mns1",642,710.666666666667,2
"ENSMUSG00000055723","ENSMUSG00000055723","Rras2",643,712.333333333333,3
"ENSMUSG00000051910","ENSMUSG00000051910","Sox6",644,713.333333333333,2
"ENSMUSG00000040345","ENSMUSG00000040345","Arhgap9",645,715.333333333333,3
"ENSMUSG00000026043","ENSMUSG00000026043","Col3a1",646,717,2
"ENSMUSG00000031698","ENSMUSG00000031698","Mylk3",647,718.666666666667,3
"ENSMUSG00000034006","ENSMUSG00000034006","Pqlc1",648,719.333333333333,3
"ENSMUSG00000026311","ENSMUSG00000026311","Asb1",649,720.666666666667,3
"ENSMUSG00000045973","ENSMUSG00000045973","Slc25a51",650,721.333333333333,2
"ENSMUSG00000028266","ENSMUSG00000028266","Lmo4",651,724.333333333333,3
"ENSMUSG00000037266","ENSMUSG00000037266","Rsrp1",652,725,2
"ENSMUSG00000023367","ENSMUSG00000023367","Tmem176a",653,728,3
"ENSMUSG00000038976","ENSMUSG00000038976","Ppp1r9b",654,729,3
"ENSMUSG00000045216","ENSMUSG00000045216","Hs6st1",655.5,729.333333333333,2
"ENSMUSG00000032661","ENSMUSG00000032661","Oas3",655.5,729.333333333333,2
"ENSMUSG00000045629","ENSMUSG00000045629","Sh3tc2",657,730.666666666667,2
"ENSMUSG00000047959","ENSMUSG00000047959","Kcna3",658,733,3
"ENSMUSG00000030742","ENSMUSG00000030742","Lat",659,734,2
"ENSMUSG00000027306","ENSMUSG00000027306","Nusap1",660,736.666666666667,2
"ENSMUSG00000032870","ENSMUSG00000032870","Smap2",661,739,2
"ENSMUSG00000061353","ENSMUSG00000061353","Cxcl12",662.5,740,3
"ENSMUSG00000035448","ENSMUSG00000035448","Ccr3",662.5,740,3
"ENSMUSG00000004359","ENSMUSG00000004359","Spic",664,741.333333333333,3
"ENSMUSG00000046295","ENSMUSG00000046295","Ankle1",665,743.666666666667,3
"ENSMUSG00000027408","ENSMUSG00000027408","Cpxm1",666,744.666666666667,3
"ENSMUSG00000022253","ENSMUSG00000022253","Nadk2",667,745,2
"ENSMUSG00000024349","ENSMUSG00000024349","Tmem173",668,746.666666666667,2
"ENSMUSG00000005057","ENSMUSG00000005057","Sh2b2",669,747,2
"ENSMUSG00000026778","ENSMUSG00000026778","Prkcq",670,750.666666666667,2
"ENSMUSG00000039783","ENSMUSG00000039783","Kmo",671,751,2
"ENSMUSG00000009092","ENSMUSG00000009092","Derl3",672,752,3
"ENSMUSG00000028931","ENSMUSG00000028931","Kcnab2",673,753.666666666667,3
"ENSMUSG00000027297","ENSMUSG00000027297","Ltk",674,756.666666666667,2
"ENSMUSG00000027011","ENSMUSG00000027011","Ube2e3",675,757,3
"ENSMUSG00000020733","ENSMUSG00000020733","Slc9a3r1",676,759,2
"ENSMUSG00000015501","ENSMUSG00000015501","Hivep2",677.5,759.333333333333,3
"ENSMUSG00000049807","ENSMUSG00000049807","Arhgap23",677.5,759.333333333333,3
"ENSMUSG00000020279","ENSMUSG00000020279","Il9r",679,763,3
"ENSMUSG00000030978","ENSMUSG00000030978","Rrm1",680,763.666666666667,2
"ENSMUSG00000023886","ENSMUSG00000023886","Smoc2",681,765,2
"ENSMUSG00000029385","ENSMUSG00000029385","Ccng2",682,765.666666666667,3
"ENSMUSG00000021277","ENSMUSG00000021277","Traf3",683,768.666666666667,3
"ENSMUSG00000048442","ENSMUSG00000048442","Smim5",684,770.333333333333,2
"ENSMUSG00000030287","ENSMUSG00000030287","Itpr2",685,770.666666666667,3
"ENSMUSG00000022216","ENSMUSG00000022216","Psme1",686,771.333333333333,3
"ENSMUSG00000025366","ENSMUSG00000025366","Esyt1",687,772.666666666667,2
"ENSMUSG00000024516","ENSMUSG00000024516","Sec11c",688,774.666666666667,3
"ENSMUSG00000038943","ENSMUSG00000038943","Prc1",689,775.666666666667,2
"ENSMUSG00000040710","ENSMUSG00000040710","St8sia4",690,776,3
"ENSMUSG00000053411","ENSMUSG00000053411","Cbx7",691,777.666666666667,3
"ENSMUSG00000002028","ENSMUSG00000002028","Kmt2a",692,779.666666666667,3
"ENSMUSG00000032350","ENSMUSG00000032350","Gclc",693.5,781,3
"ENSMUSG00000039691","ENSMUSG00000039691","Tspan10",693.5,781,2
"ENSMUSG00000019188","ENSMUSG00000019188","H13",695,781.666666666667,3
"ENSMUSG00000032218","ENSMUSG00000032218","Ccnb2",696,782.666666666667,3
"ENSMUSG00000027508","ENSMUSG00000027508","Pag1",697,783,2
"ENSMUSG00000029613","ENSMUSG00000029613","Eif2ak1",698,783.333333333333,2
"ENSMUSG00000001506","ENSMUSG00000001506","Col1a1",699,785.333333333333,2
"ENSMUSG00000044927","ENSMUSG00000044927","H1fx",700,786.666666666667,3
"ENSMUSG00000022498","ENSMUSG00000022498","Txndc11",701,788,3
"ENSMUSG00000002068","ENSMUSG00000002068","Ccne1",702,789.333333333333,3
"ENSMUSG00000027540","ENSMUSG00000027540","Ptpn1",703,789.666666666667,3
"ENSMUSG00000096351","ENSMUSG00000096351","Samd11",705,790,2
"ENSMUSG00000042978","ENSMUSG00000042978","Sbk1",705,790,3
"ENSMUSG00000017493","ENSMUSG00000017493","Igfbp4",705,790,2
"ENSMUSG00000021892","ENSMUSG00000021892","Sh3bp5",707,790.666666666667,2
"ENSMUSG00000018008","ENSMUSG00000018008","Cyth4",708,791,3
"ENSMUSG00000038312","ENSMUSG00000038312","Edem2",709,793,3
"ENSMUSG00000014859","ENSMUSG00000014859","E2f4",710,795.666666666667,2
"ENSMUSG00000002111","ENSMUSG00000002111","Spi1",711,799.666666666667,2
"ENSMUSG00000032902","ENSMUSG00000032902","Slc16a1",712,800.333333333333,3
"ENSMUSG00000052949","ENSMUSG00000052949","Rnf157",713,801.333333333333,2
"ENSMUSG00000023008","ENSMUSG00000023008","Fmnl3",714,802,3
"ENSMUSG00000022111","ENSMUSG00000022111","Uchl3",715,802.333333333333,2
"ENSMUSG00000026389","ENSMUSG00000026389","Steap3",716,802.666666666667,3
"ENSMUSG00000056851","ENSMUSG00000056851","Pcbp2",717,803,2
"ENSMUSG00000013787","ENSMUSG00000013787","Ehmt2",718,804,3
"ENSMUSG00000052681","ENSMUSG00000052681","Rap1b",719,804.333333333333,3
"ENSMUSG00000032231","ENSMUSG00000032231","Anxa2",720,804.666666666667,3
"ENSMUSG00000036887","ENSMUSG00000036887","C1qa",721,806,2
"ENSMUSG00000031389","ENSMUSG00000031389","Arhgap4",722,807.333333333333,3
"ENSMUSG00000000673","ENSMUSG00000000673","Haao",723,808.333333333333,3
"ENSMUSG00000005686","ENSMUSG00000005686","Ampd3",724,808.666666666667,2
"ENSMUSG00000001281","ENSMUSG00000001281","Itgb7",725,809.666666666667,2
"ENSMUSG00000036461","ENSMUSG00000036461","Elf1",726,810.333333333333,3
"ENSMUSG00000022443","ENSMUSG00000022443","Myh9",727,810.666666666667,2
"ENSMUSG00000053175","ENSMUSG00000053175","Bcl3",728,811,2
"ENSMUSG00000024975","ENSMUSG00000024975","Pdcd4",729,817.666666666667,3
"ENSMUSG00000052212","ENSMUSG00000052212","Cd177",730,818.333333333333,2
"ENSMUSG00000048578","ENSMUSG00000048578","Mlec",731,820,3
"ENSMUSG00000034127","ENSMUSG00000034127","Tspan8",732.5,821.666666666667,2
"ENSMUSG00000076870","ENSMUSG00000076870","Trdj1",732.5,821.666666666667,2
"ENSMUSG00000021298","ENSMUSG00000021298","Gpr132",734,824.333333333333,2
"ENSMUSG00000018340","ENSMUSG00000018340","Anxa6",735.5,828.333333333333,3
"ENSMUSG00000019726","ENSMUSG00000019726","Lyst",735.5,828.333333333333,2
"ENSMUSG00000017697","ENSMUSG00000017697","Ada",737.5,828.666666666667,3
"ENSMUSG00000033327","ENSMUSG00000033327","Tnxb",737.5,828.666666666667,3
"ENSMUSG00000026198","ENSMUSG00000026198","Abcb6",739.5,829.333333333333,2
"ENSMUSG00000074093","ENSMUSG00000074093","Svip",739.5,829.333333333333,2
"ENSMUSG00000055805","ENSMUSG00000055805","Fmnl1",741,830.333333333333,2
"ENSMUSG00000061232","ENSMUSG00000061232","H2-K1",742,831,2
"ENSMUSG00000098112","ENSMUSG00000098112","Bin2",743,831.333333333333,3
"ENSMUSG00000024646","ENSMUSG00000024646","Cyb5a",744,831.666666666667,3
"ENSMUSG00000041164","ENSMUSG00000041164","Zmiz2",745,837.333333333333,2
"ENSMUSG00000038623","ENSMUSG00000038623","Tm6sf1",746,841,2
"ENSMUSG00000029810","ENSMUSG00000029810","Tmem176b",747.5,841.333333333333,2
"ENSMUSG00000056290","ENSMUSG00000056290","Ms4a4b",747.5,841.333333333333,2
"ENSMUSG00000076614","ENSMUSG00000076614","Ighg1",749.5,843.333333333333,2
"ENSMUSG00000024339","ENSMUSG00000024339","Tap2",749.5,843.333333333333,2
"ENSMUSG00000030269","ENSMUSG00000030269","Mtmr14",751,843.666666666667,2
"ENSMUSG00000030263","ENSMUSG00000030263","Lrmp",752,844,2
"ENSMUSG00000028557","ENSMUSG00000028557","Rnf11",753,844.333333333333,2
"ENSMUSG00000060791","ENSMUSG00000060791","Gmfg",754,844.666666666667,3
"ENSMUSG00000072082","ENSMUSG00000072082","Ccnf",755,845.333333333333,2
"ENSMUSG00000090231","ENSMUSG00000090231","Cfb",756,848,2
"ENSMUSG00000026317","ENSMUSG00000026317","Cln8",757,848.333333333333,2
"ENSMUSG00000020719","ENSMUSG00000020719","Ddx5",758,849,2
"ENSMUSG00000031402","ENSMUSG00000031402","Mpp1",759,850.666666666667,2
"ENSMUSG00000053819","ENSMUSG00000053819","Camk2d",760,852.333333333333,2
"ENSMUSG00000020953","ENSMUSG00000020953","Coch",761,856,2
"ENSMUSG00000037674","ENSMUSG00000037674","Rfx7",762,857,2
"ENSMUSG00000026835","ENSMUSG00000026835","Fcnb",763,857.333333333333,2
"ENSMUSG00000016252","ENSMUSG00000016252","Atp5e",764,860,2
"ENSMUSG00000075033","ENSMUSG00000075033","Nxpe3",765,860.666666666667,3
"ENSMUSG00000018983","ENSMUSG00000018983","E2f2",766,861,2
"ENSMUSG00000014361","ENSMUSG00000014361","Mertk",767.5,863.333333333333,2
"ENSMUSG00000034595","ENSMUSG00000034595","Ppp1r18",767.5,863.333333333333,2
"ENSMUSG00000029101","ENSMUSG00000029101","Rgs12",769,864.333333333333,2
"ENSMUSG00000002107","ENSMUSG00000002107","Celf2",770,865.333333333333,2
"ENSMUSG00000032966","ENSMUSG00000032966","Fkbp1a",771,866.666666666667,2
"ENSMUSG00000020900","ENSMUSG00000020900","Myh10",772,867,2
"ENSMUSG00000037940","ENSMUSG00000037940","Inpp4b",773,870.666666666667,2
"ENSMUSG00000042742","ENSMUSG00000042742","Bmt2",774,873.333333333333,3
"ENSMUSG00000025393","ENSMUSG00000025393","Atp5b",775,873.666666666667,2
"ENSMUSG00000032436","ENSMUSG00000032436","Cmtm7",776,874.333333333333,2
"ENSMUSG00000029438","ENSMUSG00000029438","Bcl7a",777,876,3
"ENSMUSG00000032698","ENSMUSG00000032698","Lmo2",778,878.666666666667,2
"ENSMUSG00000008496","ENSMUSG00000008496","Pou2f2",779,880,2
"ENSMUSG00000020484","ENSMUSG00000020484","Xbp1",780,882.666666666667,2
"ENSMUSG00000030057","ENSMUSG00000030057","Cnbp",781,890.333333333333,2
"ENSMUSG00000040225","ENSMUSG00000040225","Prrc2c",782,891.333333333333,2
"ENSMUSG00000003199","ENSMUSG00000003199","Mpnd",783,891.666666666667,2
"ENSMUSG00000057729","ENSMUSG00000057729","Prtn3",784.5,892.666666666667,2
"ENSMUSG00000072235","ENSMUSG00000072235","Tuba1a",784.5,892.666666666667,2
"ENSMUSG00000015316","ENSMUSG00000015316","Slamf1",786,893.666666666667,2
"ENSMUSG00000029064","ENSMUSG00000029064","Gnb1",787,895.333333333333,2
"ENSMUSG00000073418","ENSMUSG00000073418","C4b",788,896.666666666667,2
"ENSMUSG00000041481","ENSMUSG00000041481","Serpina3g",789,897.666666666667,2
"ENSMUSG00000017861","ENSMUSG00000017861","Mybl2",791.5,898,3
"ENSMUSG00000029599","ENSMUSG00000029599","Ddx54",791.5,898,2
"ENSMUSG00000038267","ENSMUSG00000038267","Slc22a23",791.5,898,2
"ENSMUSG00000055447","ENSMUSG00000055447","Cd47",791.5,898,2
"ENSMUSG00000020696","ENSMUSG00000020696","Rffl",794,898.666666666667,3
"ENSMUSG00000041859","ENSMUSG00000041859","Mcm3",795,899.666666666667,2
"ENSMUSG00000044352","ENSMUSG00000044352","Sowaha",796,901.333333333333,2
"ENSMUSG00000018322","ENSMUSG00000018322","Tomm34",797.5,902.666666666667,2
"ENSMUSG00000038037","ENSMUSG00000038037","Socs1",797.5,902.666666666667,2
"ENSMUSG00000025626","ENSMUSG00000025626","Phf6",799,903,2
"ENSMUSG00000039452","ENSMUSG00000039452","Snx22",800,904,2
"ENSMUSG00000024613","ENSMUSG00000024613","Tcof1",801,904.666666666667,2
"ENSMUSG00000027347","ENSMUSG00000027347","Rasgrp1",802,906.333333333333,2
"ENSMUSG00000015597","ENSMUSG00000015597","Zfp318",803,908.333333333333,3
"ENSMUSG00000030655","ENSMUSG00000030655","Smg1",804,908.666666666667,2
"ENSMUSG00000035000","ENSMUSG00000035000","Dpp4",805,909.333333333333,3
"ENSMUSG00000030956","ENSMUSG00000030956","Fam53b",806,914.666666666667,2
"ENSMUSG00000056394","ENSMUSG00000056394","Lig1",807,916.333333333333,2
"ENSMUSG00000026027","ENSMUSG00000026027","Stradb",808.5,920.333333333333,2
"ENSMUSG00000021356","ENSMUSG00000021356","Irf4",808.5,920.333333333333,2
"ENSMUSG00000029752","ENSMUSG00000029752","Asns",810,920.666666666667,2
"ENSMUSG00000026657","ENSMUSG00000026657","Frmd4a",811.5,921,2
"ENSMUSG00000052837","ENSMUSG00000052837","Junb",811.5,921,2
"ENSMUSG00000036752","ENSMUSG00000036752","Tubb4b",813.5,921.666666666667,2
"ENSMUSG00000038352","ENSMUSG00000038352","Arl5c",813.5,921.666666666667,2
"ENSMUSG00000043505","ENSMUSG00000043505","Gimap5",815,926,2
"ENSMUSG00000021880","ENSMUSG00000021880","Rnase6",816,927,2
"ENSMUSG00000027784","ENSMUSG00000027784","Ppm1l",817,927.333333333333,2
"ENSMUSG00000002897","ENSMUSG00000002897","Il17ra",818,928,2
"ENSMUSG00000064109","ENSMUSG00000064109","Hcst",819,928.333333333333,2
"ENSMUSG00000034445","ENSMUSG00000034445","Cyb561a3",820,928.666666666667,2
"ENSMUSG00000018169","ENSMUSG00000018169","Mfng",821,930,3
"ENSMUSG00000013707","ENSMUSG00000013707","Tnfaip8l2",822,932.333333333333,2
"ENSMUSG00000046722","ENSMUSG00000046722","Cdc42se1",823,934.333333333333,2
"ENSMUSG00000030282","ENSMUSG00000030282","Cmas",824,935,2
"ENSMUSG00000005312","ENSMUSG00000005312","Ubqln1",825,936.666666666667,2
"ENSMUSG00000029672","ENSMUSG00000029672","Fam3c",826,939.333333333333,2
"ENSMUSG00000001020","ENSMUSG00000001020","S100a4",827,939.666666666667,2
"ENSMUSG00000026496","ENSMUSG00000026496","Parp1",828,942.666666666667,2
"ENSMUSG00000030256","ENSMUSG00000030256","Bhlhe41",829,943.333333333333,2
"ENSMUSG00000058587","ENSMUSG00000058587","Tmod3",830,946.333333333333,2
"ENSMUSG00000028799","ENSMUSG00000028799","Zfp362",831,947.333333333333,2
"ENSMUSG00000064120","ENSMUSG00000064120","Mocs1",832,948,2
"ENSMUSG00000056413","ENSMUSG00000056413","Adap1",833,949.666666666667,3
"ENSMUSG00000002257","ENSMUSG00000002257","Def6",834,950.666666666667,2
"ENSMUSG00000060675","ENSMUSG00000060675","Plaat3",835,951,2
"ENSMUSG00000025279","ENSMUSG00000025279","Dnase1l3",836,951.333333333333,2
"ENSMUSG00000002603","ENSMUSG00000002603","Tgfb1",837,952.333333333333,2
"ENSMUSG00000066456","ENSMUSG00000066456","Hmgn3",838,952.666666666667,2
"ENSMUSG00000025982","ENSMUSG00000025982","Sf3b1",839,955.666666666667,2
"ENSMUSG00000027863","ENSMUSG00000027863","Cd2",840,956.333333333333,2
"ENSMUSG00000028195","ENSMUSG00000028195","Ccn1",841,957,2
"ENSMUSG00000037544","ENSMUSG00000037544","Dlgap5",842,957.333333333333,2
"ENSMUSG00000043131","ENSMUSG00000043131","Mob1a",843.5,958.333333333333,2
"ENSMUSG00000002014","ENSMUSG00000002014","Ssr4",843.5,958.333333333333,2
"ENSMUSG00000027985","ENSMUSG00000027985","Lef1",845,958.666666666667,2
"ENSMUSG00000028161","ENSMUSG00000028161","Ppp3ca",846,959,2
"ENSMUSG00000053565","ENSMUSG00000053565","Eif3k",847,959.333333333333,2
"ENSMUSG00000000409","ENSMUSG00000000409","Lck",848,960,2
"ENSMUSG00000032097","ENSMUSG00000032097","Ddx6",849,961.666666666667,2
"ENSMUSG00000024925","ENSMUSG00000024925","Rnaseh2c",850,963.333333333333,2
"ENSMUSG00000026989","ENSMUSG00000026989","Dapl1",851,964,2
"ENSMUSG00000031264","ENSMUSG00000031264","Btk",852,964.333333333333,2
"ENSMUSG00000033065","ENSMUSG00000033065","Pfkm",853,964.666666666667,2
"ENSMUSG00000057738","ENSMUSG00000057738","Sptan1",854,965.333333333333,2
"ENSMUSG00000036712","ENSMUSG00000036712","Cyld",855,967.333333333333,2
"ENSMUSG00000055675","ENSMUSG00000055675","Kbtbd11",856,972.666666666667,2
"ENSMUSG00000020309","ENSMUSG00000020309","Chac2",857,973.333333333333,2
"ENSMUSG00000020547","ENSMUSG00000020547","Bzw2",858,975.333333333333,2
"ENSMUSG00000011831","ENSMUSG00000011831","Evi5",859,977.666666666667,2
"ENSMUSG00000044934","ENSMUSG00000044934","Zfp367",860,978.333333333333,2
"ENSMUSG00000046034","ENSMUSG00000046034","Otulin",861,980.666666666667,2
"ENSMUSG00000076490","ENSMUSG00000076490","Trbc1",863,981,2
"ENSMUSG00000023277","ENSMUSG00000023277","Twf2",863,981,2
"ENSMUSG00000020183","ENSMUSG00000020183","Cpm",863,981,2
"ENSMUSG00000053477","ENSMUSG00000053477","Tcf4",865,981.333333333333,2
"ENSMUSG00000040204","ENSMUSG00000040204","Pclaf",866,982.666666666667,2
"ENSMUSG00000018381","ENSMUSG00000018381","Abi3",867,984.666666666667,2
"ENSMUSG00000023249","ENSMUSG00000023249","Parp3",868.5,985.666666666667,2
"ENSMUSG00000078153","ENSMUSG00000078153","Psme2b",868.5,985.666666666667,2
"ENSMUSG00000047368","ENSMUSG00000047368","Abhd17b",870,986.666666666667,2
"ENSMUSG00000074227","ENSMUSG00000074227","Spint2",871,991,2
"ENSMUSG00000046223","ENSMUSG00000046223","Plaur",872.5,993.333333333333,2
"ENSMUSG00000016087","ENSMUSG00000016087","Fli1",872.5,993.333333333333,2
"ENSMUSG00000021608","ENSMUSG00000021608","Lpcat1",874,994.333333333333,2
"ENSMUSG00000029254","ENSMUSG00000029254","Stap1",875,996.333333333333,2
"ENSMUSG00000018339","ENSMUSG00000018339","Gpx3",876,996.666666666667,2
"ENSMUSG00000025573","ENSMUSG00000025573","6030468B19Rik",877,997.666666666667,2
"ENSMUSG00000004207","ENSMUSG00000004207","Psap",878,1000.66666666667,2
"ENSMUSG00000027678","ENSMUSG00000027678","Ncoa3",879,1003.33333333333,2
"ENSMUSG00000056234","ENSMUSG00000056234","Ncoa4",880,1005,2
"ENSMUSG00000029603","ENSMUSG00000029603","Dtx1",881,1005.66666666667,2
"ENSMUSG00000048756","ENSMUSG00000048756","Foxo3",882,1007.66666666667,2
"ENSMUSG00000014195","ENSMUSG00000014195","Dnajc7",883,1009.66666666667,2
"ENSMUSG00000032327","ENSMUSG00000032327","Stra6",884.5,1010,2
"ENSMUSG00000071369","ENSMUSG00000071369","Map3k5",884.5,1010,2
"ENSMUSG00000000804","ENSMUSG00000000804","Usp32",886,1014.33333333333,2
"ENSMUSG00000026924","ENSMUSG00000026924","Sec16a",887,1020.33333333333,2
"ENSMUSG00000053044","ENSMUSG00000053044","Cd8b1",888,1020.66666666667,2
"ENSMUSG00000051748","ENSMUSG00000051748","Wfdc21",889,1021.66666666667,2
"ENSMUSG00000024063","ENSMUSG00000024063","Lbh",890,1024,2
"ENSMUSG00000038179","ENSMUSG00000038179","Slamf7",891,1025,2
"ENSMUSG00000020717","ENSMUSG00000020717","Pecam1",892,1030.66666666667,2
"ENSMUSG00000032440","ENSMUSG00000032440","Tgfbr2",893,1032,2
"ENSMUSG00000024807","ENSMUSG00000024807","Syvn1",894,1038.33333333333,2
"ENSMUSG00000093445","ENSMUSG00000093445","Lrch4",895,1039.66666666667,2
"ENSMUSG00000034297","ENSMUSG00000034297","Med13",896,1040.33333333333,2
"ENSMUSG00000031548","ENSMUSG00000031548","Sfrp1",897,1043.33333333333,2
"ENSMUSG00000070808","ENSMUSG00000070808","Bicra",898,1046.33333333333,2
"ENSMUSG00000028207","ENSMUSG00000028207","Asph",899,1048.33333333333,2
"ENSMUSG00000022565","ENSMUSG00000022565","Plec",900,1053,2
"ENSMUSG00000049086","ENSMUSG00000049086","Bmyc",901,1053.33333333333,2
"ENSMUSG00000032115","ENSMUSG00000032115","Hyou1",902,1054.33333333333,2
"ENSMUSG00000026430","ENSMUSG00000026430","Rassf5",903,1057.66666666667,2
"ENSMUSG00000033016","ENSMUSG00000033016","Nfatc1",904,1066.33333333333,2
"ENSMUSG00000016526","ENSMUSG00000016526","Dyrk3",905,1071.66666666667,2
"ENSMUSG00000024777","ENSMUSG00000024777","Ppp2r5b",906,1077,2
"ENSMUSG00000054434","ENSMUSG00000054434","Tmem120b",907,1081.66666666667,2
"ENSMUSG00000029177","ENSMUSG00000029177","Cenpa",908.5,1082.66666666667,2
"ENSMUSG00000029802","ENSMUSG00000029802","Abcg2",908.5,1082.66666666667,2
"ENSMUSG00000032562","ENSMUSG00000032562","Gnai2",910,1085,2
"ENSMUSG00000022439","ENSMUSG00000022439","Parvg",911,1087.33333333333,2
"ENSMUSG00000040859","ENSMUSG00000040859","Bsdc1",912,1091.33333333333,2
"ENSMUSG00000029084","ENSMUSG00000029084","Cd38",913,1095.33333333333,2
"ENSMUSG00000038725","ENSMUSG00000038725","Pkhd1l1",914,1099.66666666667,2
"ENSMUSG00000047648","ENSMUSG00000047648","Fbxo30",915,1106.66666666667,2
"ENSMUSG00000031885","ENSMUSG00000031885","Cbfb",916,1113,2
"ENSMUSG00000031342","ENSMUSG00000031342","Gpm6b",917,1119.66666666667,2
"ENSMUSG00000026193","ENSMUSG00000026193","Fn1",918,1123,2
"ENSMUSG00000048163","ENSMUSG00000048163","Selplg",919,1127.33333333333,2
"ENSMUSG00000036006","ENSMUSG00000036006","Ripor2",920,1136,2
"ENSMUSG00000036002","ENSMUSG00000036002","Fam214b",921.5,1137.33333333333,2
"ENSMUSG00000032580","ENSMUSG00000032580","Rbm5",921.5,1137.33333333333,2
"ENSMUSG00000001248","ENSMUSG00000001248","Gramd1a",923.5,1146,2
"ENSMUSG00000035242","ENSMUSG00000035242","Oaz1",923.5,1146,2
"ENSMUSG00000063200","ENSMUSG00000063200","Nol7",925,1147,2
"ENSMUSG00000027199","ENSMUSG00000027199","Gatm",926,1148,2
"ENSMUSG00000020932","ENSMUSG00000020932","Gfap",927,1154.33333333333,2
"ENSMUSG00000029372","ENSMUSG00000029372","Ppbp",928,1173.66666666667,2
"ENSMUSG00000049866","ENSMUSG00000049866","Arl4c",929,1177,2
"ENSMUSG00000038418","ENSMUSG00000038418","Egr1",930,1181.66666666667,2
"ENSMUSG00000027203","ENSMUSG00000027203","Dut",931,1184,2
"ENSMUSG00000031093","ENSMUSG00000031093","Dock11",932,1189.33333333333,2
"ENSMUSG00000027215","ENSMUSG00000027215","Cd82",933,1190.33333333333,2
"ENSMUSG00000031446","ENSMUSG00000031446","Cul4a",934.5,1206.66666666667,2
"ENSMUSG00000078763","ENSMUSG00000078763","Slfn1",934.5,1206.66666666667,2
"ENSMUSG00000000782","ENSMUSG00000000782","Tcf7",936,1213.33333333333,2
"ENSMUSG00000009687","ENSMUSG00000009687","Fxyd5",937,1222.66666666667,2
"ENSMUSG00000018209","ENSMUSG00000018209","Stk4",938,1223.33333333333,2
"ENSMUSG00000032380","ENSMUSG00000032380","Dapk2",939,1224,2
"ENSMUSG00000024158","ENSMUSG00000024158","Hagh",940,1239,2
"ENSMUSG00000022014","ENSMUSG00000022014","Epsti1",941,1240.33333333333,2
"ENSMUSG00000022594","ENSMUSG00000022594","Lynx1",942,1246,2
"ENSMUSG00000026305","ENSMUSG00000026305","Lrrfip1",943,1251.33333333333,2
"ENSMUSG00000053977","ENSMUSG00000053977","Cd8a",944,1262.66666666667,2
"ENSMUSG00000076922","ENSMUSG00000076922","Traj6",945,1265,2
"ENSMUSG00000076916","ENSMUSG00000076916","Traj13",946,1268,2
"ENSMUSG00000033318","ENSMUSG00000033318","Gstt2",947,1278.66666666667,2
"ENSMUSG00000032249","ENSMUSG00000032249","Anp32a",948,1279,2
"ENSMUSG00000035783","ENSMUSG00000035783","Acta2",949,1294,2
"ENSMUSG00000032085","ENSMUSG00000032085","Tagln",950,1316,2
"ENSMUSG00000026626","ENSMUSG00000026626","Ppp2r5a",951,1320.66666666667,2
"ENSMUSG00000007836","ENSMUSG00000007836","Hnrnpa0",952,1348,2
"ENSMUSG00000031165","ENSMUSG00000031165","Was",953,1381,2
"ENSMUSG00000015355","ENSMUSG00000015355","Cd48",954,1405,2
"ENSMUSG00000031825","ENSMUSG00000031825","Crispld2",955,1407,2
"ENSMUSG00000026222","ENSMUSG00000026222","Sp100",956,1430.33333333333,2
"ENSMUSG00000042476","ENSMUSG00000042476","Abcb4",957,1452.66666666667,2
"ENSMUSG00000027523","ENSMUSG00000027523","Gnas",958,1480,2
"ENSMUSG00000028212","ENSMUSG00000028212","Ccne2",959,1576.66666666667,2
"ENSMUSG00000022957","ENSMUSG00000022957","Itsn1",960,1595,2
"ENSMUSG00000042029","ENSMUSG00000042029","Ncapg2",961,1671,2
"ENSMUSG00000023845","ENSMUSG00000023845","Lnpep",962,2234,2
