"gene_id","gene_name","overall_rank","average_rank","n_withinTop1000"
"ENSMUSG00000052305","Hbb-bs",1,1.66666666666667,9
"ENSMUSG00000069917","Hba-a2",2,2,9
"ENSMUSG00000073940","Hbb-bt",3,3,9
"ENSMUSG00000027562","Car2",4,7.66666666666667,9
"ENSMUSG00000024610","Cd74",5,7.77777777777778,9
"ENSMUSG00000063856","Gpx1",6.5,14.3333333333333,9
"ENSMUSG00000025270","Alas2",6.5,14.3333333333333,9
"ENSMUSG00000040592","Cd79b",9,20.8888888888889,9
"ENSMUSG00000030707","Coro1a",10,25.7777777777778,9
"ENSMUSG00000030798","Cd37",11,27.6666666666667,9
"ENSMUSG00000042066","Tmcc2",12.5,28.1111111111111,9
"ENSMUSG00000030724","Cd19",12.5,28.1111111111111,9
"ENSMUSG00000026616","Cr2",14,28.6666666666667,9
"ENSMUSG00000024673","Ms4a1",15,29.6666666666667,9
"ENSMUSG00000034248","Slc25a37",16,30.5555555555556,9
"ENSMUSG00000032126","Hmbs",17,32.2222222222222,9
"ENSMUSG00000049775","Tmsb4x",18,33,9
"ENSMUSG00000036594","H2-Aa",19,33.1111111111111,9
"ENSMUSG00000000682","Cd52",20,33.3333333333333,9
"ENSMUSG00000030605","Mfge8",21,34.6666666666667,9
"ENSMUSG00000006574","Slc4a1",22,35,9
"ENSMUSG00000003379","Cd79a",23,37.7777777777778,9
"ENSMUSG00000037548","H2-DMb2",24,39.7777777777778,9
"ENSMUSG00000004655","Aqp1",25,40.1111111111111,9
"ENSMUSG00000032053","Pou2af1",26,47.5555555555556,9
"ENSMUSG00000076609","Igkc",27,47.6666666666667,9
"ENSMUSG00000025889","Snca",28,48,9
"ENSMUSG00000073421","H2-Ab1",29,48.4444444444444,9
"ENSMUSG00000104213","Ighd",30,48.6666666666667,9
"ENSMUSG00000105906","Iglc1",31,52.3333333333333,9
"ENSMUSG00000041538","H2-Ob",32,53.7777777777778,9
"ENSMUSG00000028644","Ermap",33,55.3333333333333,9
"ENSMUSG00000004552","Ctse",34,57,9
"ENSMUSG00000024588","Fech",35,60,9
"ENSMUSG00000105827","Hist2h2bb",36,63.7142857142857,7
"ENSMUSG00000029866","Kel",37,64.5555555555556,9
"ENSMUSG00000076617","Ighm",38,64.6666666666667,9
"ENSMUSG00000030220","Arhgdib",39,65.5555555555556,9
"ENSMUSG00000027078","Ube2l6",40,66.1111111111111,9
"ENSMUSG00000076613","Ighg2b",41,67.4444444444444,9
"ENSMUSG00000037742","Eef1a1",42,67.8888888888889,9
"ENSMUSG00000028332","Hemgn",43,69.2222222222222,9
"ENSMUSG00000021102","Glrx5",44,69.6666666666667,9
"ENSMUSG00000030577","Cd22",45,70.5555555555556,9
"ENSMUSG00000073400","Trim10",46,73.4444444444444,9
"ENSMUSG00000024353","Mzb1",47,74.4444444444444,9
"ENSMUSG00000031974","Abcb10",48,76.2222222222222,9
"ENSMUSG00000024399","Ltb",49,77.2222222222222,9
"ENSMUSG00000045826","Ptprcap",50,77.8888888888889,9
"ENSMUSG00000014453","Blk",51,79.1111111111111,9
"ENSMUSG00000068105","Tnfrsf13c",52,81.3333333333333,9
"ENSMUSG00000005161","Prdx2",53,85.2222222222222,9
"ENSMUSG00000029580","Actb",54,85.6666666666667,9
"ENSMUSG00000022037","Clu",55,86.4444444444444,9
"ENSMUSG00000027556","Car1",56,86.6666666666667,9
"ENSMUSG00000040809","Chil3",57,87,2
"ENSMUSG00000064267","Hvcn1",58,87.6666666666667,9
"ENSMUSG00000031543","Ank1",59,89.6666666666667,9
"ENSMUSG00000040899","Ccr6",60,91,7
"ENSMUSG00000022099","Dmtn",61,91.6666666666667,9
"ENSMUSG00000091694","Apol11b",62,92.8888888888889,9
"ENSMUSG00000036478","Btg1",63,96.8888888888889,9
"ENSMUSG00000028459","Cd72",64,97.3333333333333,9
"ENSMUSG00000040699","Limd2",65,98.2222222222222,9
"ENSMUSG00000060586","H2-Eb1",66,100.222222222222,9
"ENSMUSG00000034059","Ypel4",67,100.444444444444,9
"ENSMUSG00000052565","Hist1h1d",68,101,7
"ENSMUSG00000026532","Spta1",69,103.222222222222,9
"ENSMUSG00000024164","C3",70,103.333333333333,9
"ENSMUSG00000040466","Blvrb",71,106.222222222222,9
"ENSMUSG00000028825","Rhd",72,108.111111111111,9
"ENSMUSG00000022797","Tfrc",73,110.222222222222,9
"ENSMUSG00000035697","Arhgap45",74,113.555555555556,9
"ENSMUSG00000038871","Bpgm",75,114.444444444444,9
"ENSMUSG00000069267","Hist1h3b",76,114.571428571429,7
"ENSMUSG00000047880","Cxcr5",77,117.111111111111,9
"ENSMUSG00000075031","Hist1h2bb",78,117.142857142857,7
"ENSMUSG00000018293","Pfn1",79,120.777777777778,9
"ENSMUSG00000008193","Spib",80,123.333333333333,9
"ENSMUSG00000026395","Ptprc",81,124.333333333333,9
"ENSMUSG00000076615","Ighg3",82,124.555555555556,9
"ENSMUSG00000039236","Isg20",83,128.777777777778,9
"ENSMUSG00000061132","Blnk",84,129.777777777778,9
"ENSMUSG00000020788","Atp2a3",85,131.222222222222,9
"ENSMUSG00000026447","Pik3c2b",86,132.285714285714,7
"ENSMUSG00000067149","Jchain",87,132.777777777778,9
"ENSMUSG00000076612","Ighg2c",88,133,9
"ENSMUSG00000025085","Ablim1",89,136.444444444444,9
"ENSMUSG00000024338","Psmb8",90,136.888888888889,9
"ENSMUSG00000030468","Siglecg",91,138.222222222222,9
"ENSMUSG00000030000","Add2",92,143.888888888889,9
"ENSMUSG00000022742","Cpox",93,145,9
"ENSMUSG00000029922","Mkrn1",94,146.666666666667,9
"ENSMUSG00000024381","Bin1",95,147.666666666667,9
"ENSMUSG00000038893","Fam117a",96,148,9
"ENSMUSG00000004266","Ptpn6",97.5,148.333333333333,9
"ENSMUSG00000021998","Lcp1",97.5,148.333333333333,9
"ENSMUSG00000028393","Alad",99,148.666666666667,9
"ENSMUSG00000021457","Syk",100,149,9
"ENSMUSG00000047867","Gimap6",101,150.222222222222,9
"ENSMUSG00000040627","Aicda",102,151.125,8
"ENSMUSG00000032312","Csk",103,152.555555555556,9
"ENSMUSG00000034330","Plcg2",105,154.444444444444,9
"ENSMUSG00000047139","Cd24a",106,155,9
"ENSMUSG00000079033","Mef2b",107,157,8
"ENSMUSG00000022885","St6gal1",108,157.625,8
"ENSMUSG00000090019","Gimap1",109,160.333333333333,9
"ENSMUSG00000049539","Hist1h1a",110,160.857142857143,7
"ENSMUSG00000023995","Tspo2",111,162,9
"ENSMUSG00000056091","St3gal5",112,162.444444444444,9
"ENSMUSG00000037972","Snn",113,162.888888888889,9
"ENSMUSG00000099583","Hist1h3d",114,163.142857142857,7
"ENSMUSG00000020143","Dock2",115,164.222222222222,9
"ENSMUSG00000025728","Pigq",116,168.222222222222,9
"ENSMUSG00000005413","Hmox1",117,168.333333333333,9
"ENSMUSG00000036661","Dennd3",118,169.666666666667,9
"ENSMUSG00000032484","Ngp",119,172.777777777778,9
"ENSMUSG00000026875","Traf1",120,172.888888888889,9
"ENSMUSG00000031162","Gata1",121,175,9
"ENSMUSG00000001588","Acap1",122,175.444444444444,9
"ENSMUSG00000018168","Ikzf3",123,175.625,8
"ENSMUSG00000027368","Dusp2",124,175.666666666667,9
"ENSMUSG00000031827","Cotl1",125,178,9
"ENSMUSG00000030878","Cdr2",126,179.888888888889,9
"ENSMUSG00000028843","Sh3bgrl3",128,181.666666666667,9
"ENSMUSG00000069310","Hist1h3c",129,181.714285714286,7
"ENSMUSG00000031004","Mki67",130,181.777777777778,9
"ENSMUSG00000028121","Bcar3",131,185.571428571429,7
"ENSMUSG00000035711","Dok3",132,185.666666666667,9
"ENSMUSG00000054435","Gimap4",133,185.888888888889,9
"ENSMUSG00000037922","Bank1",134,186.444444444444,9
"ENSMUSG00000028684","Urod",135,188,9
"ENSMUSG00000031015","Swap70",136,188.888888888889,9
"ENSMUSG00000004665","Cnn2",137,189.333333333333,9
"ENSMUSG00000038357","Camp",138,191.666666666667,9
"ENSMUSG00000001763","Tspan33",139,192.555555555556,9
"ENSMUSG00000038421","Fcrla",140,193.111111111111,9
"ENSMUSG00000051627","Hist1h1e",141,194.142857142857,7
"ENSMUSG00000030745","Il21r",142,195.444444444444,9
"ENSMUSG00000052013","Btla",143,196.111111111111,9
"ENSMUSG00000029622","Arpc1b",144,196.444444444444,9
"ENSMUSG00000023926","Rhag",145,197.222222222222,9
"ENSMUSG00000051839","Gypa",146,197.444444444444,9
"ENSMUSG00000025912","Mybl1",147,197.714285714286,7
"ENSMUSG00000020641","Rsad2",148,200.222222222222,9
"ENSMUSG00000056071","S100a9",149,201,9
"ENSMUSG00000027808","Serp1",150,202.111111111111,9
"ENSMUSG00000028906","Epb41",151,203.111111111111,9
"ENSMUSG00000018819","Lsp1",152,204.666666666667,9
"ENSMUSG00000022504","Ciita",153,205.777777777778,9
"ENSMUSG00000040435","Ppp1r15a",154,208.888888888889,9
"ENSMUSG00000021411","Pxdc1",155,211,7
"ENSMUSG00000028716","Pdzk1ip1",156,211.222222222222,9
"ENSMUSG00000028581","Laptm5",157,211.666666666667,9
"ENSMUSG00000040713","Creg1",158,213,9
"ENSMUSG00000043008","Klhl6",159,214.444444444444,9
"ENSMUSG00000041202","Pla2g2d",160,214.666666666667,9
"ENSMUSG00000057098","Ebf1",161,216.571428571429,7
"ENSMUSG00000022564","Grina",162,217,9
"ENSMUSG00000024663","Rab3il1",163,218.666666666667,9
"ENSMUSG00000037071","Scd1",164,220.333333333333,9
"ENSMUSG00000021061","Sptb",165,224.777777777778,9
"ENSMUSG00000079659","Tmem243",166,225.714285714286,7
"ENSMUSG00000006731","B4galnt1",167,225.777777777778,9
"ENSMUSG00000051998","Lax1",168,229,8
"ENSMUSG00000028542","Slc6a9",169,230.555555555556,9
"ENSMUSG00000058794","Nfe2",170,233.111111111111,9
"ENSMUSG00000040751","Lat2",171,234.222222222222,9
"ENSMUSG00000037337","Map4k1",172,234.777777777778,9
"ENSMUSG00000049313","Sorl1",173,237.555555555556,9
"ENSMUSG00000052889","Prkcb",174,238.666666666667,9
"ENSMUSG00000015950","Ncf1",175,242,9
"ENSMUSG00000026594","Ralgps2",176,243.333333333333,9
"ENSMUSG00000056054","S100a8",177.5,245,9
"ENSMUSG00000045092","S1pr1",177.5,245,8
"ENSMUSG00000044167","Foxo1",179,248.142857142857,7
"ENSMUSG00000042474","Fcmr",180,248.888888888889,9
"ENSMUSG00000003813","Rad23a",181,249,9
"ENSMUSG00000057069","Ero1lb",182,249.625,8
"ENSMUSG00000023571","C1qtnf12",184,251.555555555556,9
"ENSMUSG00000054428","Atpif1",185,252.444444444444,8
"ENSMUSG00000029322","Plac8",186,253.333333333333,9
"ENSMUSG00000007041","Clic1",187,255.444444444444,9
"ENSMUSG00000074141","Il4i1",188,256.555555555556,9
"ENSMUSG00000025647","Shisa5",189.5,259.222222222222,9
"ENSMUSG00000025357","Dgka",189.5,259.222222222222,9
"ENSMUSG00000020743","Mif4gd",191,260.222222222222,9
"ENSMUSG00000044468","Tent5c",192.5,260.444444444444,9
"ENSMUSG00000034634","Ly6d",192.5,260.444444444444,9
"ENSMUSG00000056201","Cfl1",194,261.555555555556,9
"ENSMUSG00000056917","Sipa1",195,262.888888888889,9
"ENSMUSG00000026938","Fcna",196,266.222222222222,9
"ENSMUSG00000038612","Mcl1",197,267.666666666667,9
"ENSMUSG00000026581","Sell",198,269,9
"ENSMUSG00000005583","Mef2c",199,271.111111111111,9
"ENSMUSG00000069300","Hist1h2bj",200,272.285714285714,7
"ENSMUSG00000031304","Il2rg",201,274.333333333333,9
"ENSMUSG00000052760","A630001G21Rik",202,274.888888888889,9
"ENSMUSG00000032496","Ltf",203,275.888888888889,8
"ENSMUSG00000019838","Slc16a10",204,277.888888888889,9
"ENSMUSG00000006360","Crip1",205,278.555555555556,9
"ENSMUSG00000026094","Stk17b",206,278.666666666667,9
"ENSMUSG00000009585","Apobec3",207,279.111111111111,9
"ENSMUSG00000000732","Icosl",208,279.444444444444,9
"ENSMUSG00000052160","Pld4",209,281,9
"ENSMUSG00000064262","Gimap8",210,281.555555555556,9
"ENSMUSG00000032688","Malt1",211,281.777777777778,9
"ENSMUSG00000037822","Smim14",212,281.888888888889,9
"ENSMUSG00000031207","Msn",213,284.666666666667,9
"ENSMUSG00000024661","Fth1",214,285,8
"ENSMUSG00000008843","Cldn13",215,287,9
"ENSMUSG00000067341","H2-Eb2",216,288.875,8
"ENSMUSG00000024854","Pold4",217,288.888888888889,9
"ENSMUSG00000091650","Apol11a",218,290.444444444444,9
"ENSMUSG00000021262","Evl",219,291.222222222222,9
"ENSMUSG00000041187","Prkd2",220,292.444444444444,9
"ENSMUSG00000098814","Igkv19-93",221,292.714285714286,7
"ENSMUSG00000020077","Srgn",222,295,9
"ENSMUSG00000043895","S1pr2",223,297.142857142857,7
"ENSMUSG00000105547","Iglc3",224,298.555555555556,9
"ENSMUSG00000027219","Slc28a2",225,299.25,8
"ENSMUSG00000020372","Rack1",226,299.333333333333,9
"ENSMUSG00000059994","Fcrl1",227,300.444444444444,9
"ENSMUSG00000062729","Ppox",228.5,300.888888888889,8
"ENSMUSG00000026755","Arpc5l",228.5,300.888888888889,9
"ENSMUSG00000023175","Bsg",230,301.222222222222,9
"ENSMUSG00000029204","Rhoh",231,302.375,8
"ENSMUSG00000025702","March8",232,303,9
"ENSMUSG00000017002","Slpi",233,303.555555555556,9
"ENSMUSG00000028717","Tal1",234,306.777777777778,9
"ENSMUSG00000015854","Cd5l",235,307.555555555556,9
"ENSMUSG00000042644","Itpr3",236,310.666666666667,9
"ENSMUSG00000022100","Xpo7",237,312.111111111111,9
"ENSMUSG00000032220","Myo1e",238,312.571428571429,7
"ENSMUSG00000061356","Nuggc",239,312.857142857143,7
"ENSMUSG00000051212","Gpr183",240,314.571428571429,7
"ENSMUSG00000064225","Paqr9",241,315,9
"ENSMUSG00000035206","Sppl2b",242,317.777777777778,9
"ENSMUSG00000027074","Slc43a3",243,319.222222222222,9
"ENSMUSG00000060981","Hist1h4h",244,319.857142857143,7
"ENSMUSG00000047181","Samd14",245,320.111111111111,9
"ENSMUSG00000021281","Tnfaip2",246.5,320.222222222222,8
"ENSMUSG00000073411","H2-D1",246.5,320.222222222222,9
"ENSMUSG00000047945","Marcksl1",248,323,9
"ENSMUSG00000037649","H2-DMa",249,324.333333333333,9
"ENSMUSG00000006519","Cyba",250,324.888888888889,9
"ENSMUSG00000063952","Brpf3",251,325,9
"ENSMUSG00000079557","March2",252,328.777777777778,9
"ENSMUSG00000032359","Ctsh",253,329.333333333333,9
"ENSMUSG00000001175","Calm1",254,330.888888888889,9
"ENSMUSG00000017132","Cyth1",255,331.222222222222,9
"ENSMUSG00000023274","Cd4",256,334.428571428571,7
"ENSMUSG00000028649","Macf1",257,335.777777777778,9
"ENSMUSG00000074886","Grk6",258,336.111111111111,9
"ENSMUSG00000031662","Snx20",259,336.222222222222,9
"ENSMUSG00000014030","Pax5",260.5,336.625,8
"ENSMUSG00000028656","Cap1",260.5,336.625,7
"ENSMUSG00000026028","Trak2",262.5,338.333333333333,9
"ENSMUSG00000024696","Lpxn",262.5,338.333333333333,9
"ENSMUSG00000022587","Ly6e",264,338.666666666667,9
"ENSMUSG00000023078","Cxcl13",265,339.5,8
"ENSMUSG00000037415","Ranbp10",266,341.111111111111,9
"ENSMUSG00000056737","Capg",267,342.111111111111,9
"ENSMUSG00000032298","Neil1",268,342.125,8
"ENSMUSG00000025993","Slc40a1",269,344.333333333333,9
"ENSMUSG00000020048","Hsp90b1",270,344.888888888889,9
"ENSMUSG00000002985","Apoe",271,345.222222222222,9
"ENSMUSG00000039852","Rere",272,345.555555555556,9
"ENSMUSG00000057337","Chst3",273,345.666666666667,9
"ENSMUSG00000030403","Vasp",274,346.555555555556,9
"ENSMUSG00000052142","Rasal3",275,346.888888888889,9
"ENSMUSG00000034484","Snx2",276,350.333333333333,9
"ENSMUSG00000028328","Tmod1",277,353.333333333333,9
"ENSMUSG00000071715","Ncf4",278,353.555555555556,9
"ENSMUSG00000067586","S1pr3",279,354.142857142857,7
"ENSMUSG00000026656","Fcgr2b",280,354.888888888889,9
"ENSMUSG00000021451","Sema4d",281,356.444444444444,9
"ENSMUSG00000015312","Gadd45b",282,357.375,8
"ENSMUSG00000031170","Slc38a5",283,358.222222222222,9
"ENSMUSG00000038991","Txndc5",284,359.333333333333,9
"ENSMUSG00000036908","Unc93b1",285,361.333333333333,9
"ENSMUSG00000036452","Arhgap26",286,361.857142857143,7
"ENSMUSG00000016256","Ctsz",287,363.333333333333,9
"ENSMUSG00000033885","Pxk",288,364.333333333333,9
"ENSMUSG00000079547","H2-DMb1",289,364.444444444444,9
"ENSMUSG00000027580","Helz2",290,366,9
"ENSMUSG00000016756","Cmah",291.5,366.714285714286,7
"ENSMUSG00000023927","Satb1",291.5,366.714285714286,7
"ENSMUSG00000001741","Il16",293,369.111111111111,9
"ENSMUSG00000021939","Ctsb",294,371.222222222222,9
"ENSMUSG00000029780","Nt5c3",295,371.777777777778,9
"ENSMUSG00000026979","Psd4",296.5,371.888888888889,9
"ENSMUSG00000028124","Gclm",296.5,371.888888888889,9
"ENSMUSG00000036526","Card11",298,373.5,8
"ENSMUSG00000015396","Cd83",299,373.555555555556,9
"ENSMUSG00000043931","Gimap7",300,374.428571428571,7
"ENSMUSG00000034116","Vav1",301,374.444444444444,9
"ENSMUSG00000070738","Dgkd",302,375.666666666667,9
"ENSMUSG00000019823","Mical1",303,375.888888888889,9
"ENSMUSG00000037336","Mfsd2b",304,377.222222222222,8
"ENSMUSG00000020275","Rel",305,378.714285714286,7
"ENSMUSG00000031029","Eif3f",306,383.333333333333,8
"ENSMUSG00000096010","Hist4h4",307,386.285714285714,6
"ENSMUSG00000045322","Tlr9",308,386.428571428571,7
"ENSMUSG00000028063","Lmna",309,386.777777777778,8
"ENSMUSG00000026415","Fcamr",310,391.285714285714,7
"ENSMUSG00000026880","Stom",311,392.444444444444,9
"ENSMUSG00000006782","Cnp",312,393.555555555556,8
"ENSMUSG00000030104","Edem1",313,393.777777777778,9
"ENSMUSG00000021948","Prkcd",314,395.111111111111,9
"ENSMUSG00000059923","Grb2",315,395.777777777778,9
"ENSMUSG00000040747","Cd53",316,396.777777777778,8
"ENSMUSG00000021025","Nfkbia",317,398.666666666667,9
"ENSMUSG00000037318","Traf3ip3",318,401.111111111111,9
"ENSMUSG00000040270","Bach2",319,404.714285714286,7
"ENSMUSG00000035629","Rubcn",320,404.777777777778,9
"ENSMUSG00000000915","Hip1r",321,405.222222222222,9
"ENSMUSG00000037580","Gch1",322,406.222222222222,9
"ENSMUSG00000025132","Arhgdia",323,406.888888888889,9
"ENSMUSG00000032294","Pkm",324,410.666666666667,9
"ENSMUSG00000041515","Irf8",325,412,9
"ENSMUSG00000017652","Cd40",326,413.625,8
"ENSMUSG00000032411","Tfdp2",327,415.333333333333,8
"ENSMUSG00000027075","Slc43a1",328,415.888888888889,8
"ENSMUSG00000032000","Birc3",329,417.5,8
"ENSMUSG00000022425","Enpp2",330,419.142857142857,7
"ENSMUSG00000018654","Ikzf1",331,420.666666666667,9
"ENSMUSG00000050912","Tmem123",332,421.333333333333,8
"ENSMUSG00000074269","Rec114",333,423,2
"ENSMUSG00000025495","Ptdss2",335,426.444444444444,8
"ENSMUSG00000026815","Gfi1b",336,428.333333333333,7
"ENSMUSG00000026728","Vim",337,430.333333333333,9
"ENSMUSG00000022508","Bcl6",338,431.285714285714,7
"ENSMUSG00000032946","Rasgrp2",339,432.222222222222,9
"ENSMUSG00000021423","Ly86",340,432.777777777778,9
"ENSMUSG00000042331","Specc1",341,435.666666666667,9
"ENSMUSG00000031557","Plekha2",342,437.666666666667,9
"ENSMUSG00000055148","Klf2",343,442.222222222222,9
"ENSMUSG00000004568","Arhgef18",344,443.444444444444,9
"ENSMUSG00000030189","Ybx3",345,444.222222222222,8
"ENSMUSG00000020427","Igfbp3",346,445.222222222222,9
"ENSMUSG00000037321","Tap1",347,446,9
"ENSMUSG00000018909","Arrb1",348,448.888888888889,8
"ENSMUSG00000042228","Lyn",349,451.111111111111,8
"ENSMUSG00000039316","Rftn1",350,451.625,8
"ENSMUSG00000044453","Ffar1",351,452.142857142857,7
"ENSMUSG00000023216","Epb42",352,460.333333333333,7
"ENSMUSG00000071042","Rasgrp3",353,465.857142857143,6
"ENSMUSG00000062727","Hist1h2bk",354,466.857142857143,6
"ENSMUSG00000027715","Ccna2",355,467.555555555556,8
"ENSMUSG00000040940","Arhgef1",356,467.888888888889,9
"ENSMUSG00000025967","Eef1b2",357,470.111111111111,9
"ENSMUSG00000026126","Ptpn18",358,470.333333333333,9
"ENSMUSG00000035042","Ccl5",359,472.444444444444,8
"ENSMUSG00000036106","Prr5",360,473.428571428571,7
"ENSMUSG00000030067","Foxp1",361,474.375,7
"ENSMUSG00000030691","Fchsd2",362,474.571428571429,7
"ENSMUSG00000041642","Kif21b",363,476.333333333333,8
"ENSMUSG00000029370","Rassf6",364,476.428571428571,7
"ENSMUSG00000041237","Pklr",365,478,7
"ENSMUSG00000027639","Samhd1",366,479.111111111111,9
"ENSMUSG00000042770","Hebp1",367,480.222222222222,8
"ENSMUSG00000073409","H2-Q6",368,481.111111111111,9
"ENSMUSG00000022838","Eaf2",369,481.625,8
"ENSMUSG00000036427","Gpi1",370,483.333333333333,8
"ENSMUSG00000020490","Btnl10",371,483.666666666667,8
"ENSMUSG00000005103","Wdr1",372,484.222222222222,9
"ENSMUSG00000026822","Lcn2",373,485.888888888889,8
"ENSMUSG00000051124","Gimap9",374,487.375,8
"ENSMUSG00000075284","Wipf1",375,488.111111111111,9
"ENSMUSG00000036469","March1",376,491.428571428571,7
"ENSMUSG00000015217","Hmgb3",377,492.333333333333,8
"ENSMUSG00000054191","Klf1",378,495.555555555556,8
"ENSMUSG00000073725","Lmbrd1",379,496.125,7
"ENSMUSG00000029217","Tec",380,499,7
"ENSMUSG00000022283","Pabpc1",381,499.777777777778,8
"ENSMUSG00000063011","Msln",382,501.75,3
"ENSMUSG00000049687","Pheta2",383,504.571428571429,6
"ENSMUSG00000029560","Snx8",384,504.666666666667,9
"ENSMUSG00000033004","Mycbp2",385,506.666666666667,9
"ENSMUSG00000058470","Gm8369",386,507.5,2
"ENSMUSG00000022659","Gcsam",387,508.142857142857,7
"ENSMUSG00000058799","Nap1l1",388,508.444444444444,8
"ENSMUSG00000034449","Dhrs11",389,510.555555555556,8
"ENSMUSG00000070369","Itgad",390,515.666666666667,8
"ENSMUSG00000036390","Gadd45a",391,515.888888888889,9
"ENSMUSG00000072620","Slfn2",392,518.444444444444,8
"ENSMUSG00000022914","Brwd1",393,518.5,8
"ENSMUSG00000028015","Ctso",394,518.714285714286,7
"ENSMUSG00000022378","Fam49b",395,518.888888888889,8
"ENSMUSG00000061315","Naca",396,520.111111111111,9
"ENSMUSG00000026185","Igfbp5",397,521.571428571429,7
"ENSMUSG00000036256","Igfbp7",398,521.888888888889,8
"ENSMUSG00000023990","Tfeb",399,522.75,8
"ENSMUSG00000006304","Arpc2",400,525.444444444444,9
"ENSMUSG00000015937","H2afy",402,526.666666666667,8
"ENSMUSG00000050157","Gm867",403,527.285714285714,6
"ENSMUSG00000039253","Fn3krp",404,528.444444444444,8
"ENSMUSG00000074071","Fam169b",405,528.714285714286,7
"ENSMUSG00000020802","Ube2o",406,529.666666666667,8
"ENSMUSG00000090523","Gypc",407,530.333333333333,8
"ENSMUSG00000022540","Rogdi",408,530.555555555556,9
"ENSMUSG00000041842","Fhdc1",409,530.777777777778,8
"ENSMUSG00000053279","Aldh1a1",410,534.666666666667,8
"ENSMUSG00000003746","Man1a",411,535.444444444444,8
"ENSMUSG00000022831","Hcls1",412,536.777777777778,9
"ENSMUSG00000040385","Ppp1ca",413,537.444444444444,9
"ENSMUSG00000018677","Slc25a39",414,537.555555555556,8
"ENSMUSG00000004837","Grap",415,537.888888888889,9
"ENSMUSG00000020300","Cpeb4",416,538.333333333333,8
"ENSMUSG00000002997","Prkar2b",417,538.444444444444,8
"ENSMUSG00000030275","Etnk1",418,538.888888888889,8
"ENSMUSG00000029771","Irf5",419,539.555555555556,9
"ENSMUSG00000030830","Itgal",420,540.888888888889,9
"ENSMUSG00000068735","Trp53i11",421,544,8
"ENSMUSG00000076928","Trac",422,544.333333333333,8
"ENSMUSG00000031101","Sash3",423,544.666666666667,9
"ENSMUSG00000007659","Bcl2l1",425,547.888888888889,8
"ENSMUSG00000030157","Clec2d",426,549.888888888889,7
"ENSMUSG00000030748","Il4ra",427,550.25,8
"ENSMUSG00000027333","Smox",428,550.333333333333,8
"ENSMUSG00000039361","Picalm",429,556.222222222222,8
"ENSMUSG00000041571","Selenow",430,556.888888888889,8
"ENSMUSG00000030047","Arhgap25",431,557.111111111111,9
"ENSMUSG00000031389","Arhgap4",432,559,9
"ENSMUSG00000026623","Lpgat1",433.5,559.285714285714,7
"ENSMUSG00000022092","Ppp3cc",433.5,559.285714285714,7
"ENSMUSG00000056656","Apol8",435,559.444444444444,8
"ENSMUSG00000002458","Rgs19",436,561.111111111111,8
"ENSMUSG00000036181","Hist1h1c",437,562.555555555556,7
"ENSMUSG00000069094","Pde7a",438,563.375,8
"ENSMUSG00000002007","Srpk3",439,564.125,8
"ENSMUSG00000064373","Selenop",440,564.555555555556,8
"ENSMUSG00000017774","Myo1c",441,564.888888888889,9
"ENSMUSG00000038642","Ctss",442,569.222222222222,9
"ENSMUSG00000032011","Thy1",443,569.333333333333,8
"ENSMUSG00000037946","Fgd3",444,571.428571428571,7
"ENSMUSG00000075415","Fnbp1",445,572.111111111111,9
"ENSMUSG00000029465","Arpc3",446,573.777777777778,8
"ENSMUSG00000024402","Lta",447,574.142857142857,7
"ENSMUSG00000021218","Gdi2",448,574.888888888889,8
"ENSMUSG00000033306","Lpp",449,575.285714285714,7
"ENSMUSG00000030060","Hmces",450,575.444444444444,8
"ENSMUSG00000023947","Nfkbie",451,578.25,8
"ENSMUSG00000069274","Hist1h4f",452,578.571428571429,6
"ENSMUSG00000015340","Cybb",453,578.777777777778,9
"ENSMUSG00000017679","Ttpal",454,579.25,8
"ENSMUSG00000072941","Sod3",455,580.222222222222,8
"ENSMUSG00000024858","Grk2",456,581.222222222222,7
"ENSMUSG00000040481","Bptf",457,581.666666666667,7
"ENSMUSG00000031933","Izumo1r",458,582.285714285714,6
"ENSMUSG00000071669","Snx29",459,582.714285714286,7
"ENSMUSG00000061086","Myl4",460,586.625,7
"ENSMUSG00000049577","Zfpm1",461,588,8
"ENSMUSG00000022285","Ywhaz",462,590.333333333333,8
"ENSMUSG00000025175","Fn3k",464,593,7
"ENSMUSG00000037138","Aff3",465,593.571428571429,7
"ENSMUSG00000048865","Arhgap30",466,593.888888888889,6
"ENSMUSG00000027423","Snx5",467,594.888888888889,8
"ENSMUSG00000026547","Tagln2",468,595.666666666667,8
"ENSMUSG00000044199","S1pr4",469,596.714285714286,7
"ENSMUSG00000034959","Rubcnl",470,597.25,6
"ENSMUSG00000026414","Tnnt2",471,598.5,3
"ENSMUSG00000031453","Rasa3",472,600,9
"ENSMUSG00000030536","Iqgap1",473,601.222222222222,8
"ENSMUSG00000039158","Akna",474,603.111111111111,9
"ENSMUSG00000021792","Prxl2a",475,603.222222222222,8
"ENSMUSG00000040723","Rcsd1",476,604.555555555556,9
"ENSMUSG00000034593","Myo5a",477,605.142857142857,6
"ENSMUSG00000010048","Ifrd2",478,608.333333333333,8
"ENSMUSG00000061232","H2-K1",479,608.888888888889,7
"ENSMUSG00000023505","Cdca3",480,610.444444444444,8
"ENSMUSG00000037552","Plekhg2",481,610.888888888889,9
"ENSMUSG00000058624","Gda",482,611.444444444444,8
"ENSMUSG00000027495","Fam210b",483,612.555555555556,8
"ENSMUSG00000030336","Cd27",484,614.285714285714,6
"ENSMUSG00000020719","Ddx5",485,616.111111111111,6
"ENSMUSG00000095079","Igha",486,616.222222222222,7
"ENSMUSG00000026864","Hspa5",487,619,8
"ENSMUSG00000082101","Slfn14",488,621.111111111111,8
"ENSMUSG00000011752","Pgam1",489,621.555555555556,8
"ENSMUSG00000005447","Pafah1b3",490,621.875,6
"ENSMUSG00000031762","Mt2",491,621.888888888889,7
"ENSMUSG00000040990","Sh3kbp1",492,624.777777777778,7
"ENSMUSG00000029428","Stx2",493,625.333333333333,8
"ENSMUSG00000030862","Cpxm2",494,625.666666666667,5
"ENSMUSG00000032009","Sesn3",495,628.25,8
"ENSMUSG00000029804","Herc3",496,628.428571428571,7
"ENSMUSG00000032028","Nxpe2",497,629.444444444444,7
"ENSMUSG00000050350","Gpr18",498,631.857142857143,6
"ENSMUSG00000096727","Psmb9",499,632.666666666667,7
"ENSMUSG00000022488","Nckap1l",500,632.888888888889,8
"ENSMUSG00000026655","Fam107b",501,633.666666666667,8
"ENSMUSG00000039844","Rapgef1",502,636.444444444444,8
"ENSMUSG00000029449","Rhof",503,636.714285714286,7
"ENSMUSG00000038264","Sema7a",504,637.285714285714,7
"ENSMUSG00000006235","Epor",505.5,637.666666666667,8
"ENSMUSG00000024334","H2-Oa",505.5,637.666666666667,8
"ENSMUSG00000032413","Rasa2",507,638,7
"ENSMUSG00000055805","Fmnl1",508,639.777777777778,8
"ENSMUSG00000030979","Uros",509,640.777777777778,8
"ENSMUSG00000025823","Pdia4",510,640.888888888889,7
"ENSMUSG00000020310","Madcam1",511,641.571428571429,6
"ENSMUSG00000016252","Atp5e",512,642.666666666667,7
"ENSMUSG00000001700","Gramd3",513,643.857142857143,6
"ENSMUSG00000028745","Capzb",514,644.666666666667,8
"ENSMUSG00000024677","Ms4a6b",515,646,9
"ENSMUSG00000068855","Hist2h2ac",516,648.142857142857,6
"ENSMUSG00000020340","Cyfip2",517,649.111111111111,7
"ENSMUSG00000017716","Birc5",518,649.666666666667,8
"ENSMUSG00000001156","Mxd1",519,650,8
"ENSMUSG00000057135","Scimp",520,651.428571428571,7
"ENSMUSG00000002668","Dennd1c",521,654.444444444444,9
"ENSMUSG00000041112","Elmo1",522,658.5,7
"ENSMUSG00000042744","Hectd4",523,658.555555555556,8
"ENSMUSG00000018008","Cyth4",524,662.111111111111,8
"ENSMUSG00000028545","Bend5",525,665,7
"ENSMUSG00000021109","Hif1a",526,665.25,7
"ENSMUSG00000072772","Grcc10",527,667.777777777778,9
"ENSMUSG00000020272","Stk10",528,667.888888888889,7
"ENSMUSG00000026012","Cd28",529,668.571428571429,6
"ENSMUSG00000027508","Pag1",530,670.428571428571,6
"ENSMUSG00000050271","Prag1",531,672.428571428571,7
"ENSMUSG00000008393","Carhsp1",532,673.111111111111,8
"ENSMUSG00000026637","Traf5",533,674.625,7
"ENSMUSG00000026832","Cytip",534,674.888888888889,8
"ENSMUSG00000020120","Plek",535,675.777777777778,7
"ENSMUSG00000026712","Mrc1",536,676.444444444444,8
"ENSMUSG00000071644","Eef1g",537,678.444444444444,7
"ENSMUSG00000031328","Flna",538,681.555555555556,9
"ENSMUSG00000021377","Dek",539,682.888888888889,7
"ENSMUSG00000013663","Pten",540,683.444444444444,7
"ENSMUSG00000028333","Anp32b",541,683.888888888889,8
"ENSMUSG00000030263","Lrmp",542,684.888888888889,7
"ENSMUSG00000024533","Spire1",543,691.111111111111,7
"ENSMUSG00000076614","Ighg1",544,691.125,6
"ENSMUSG00000024778","Fas",545,691.428571428571,7
"ENSMUSG00000053411","Cbx7",546,692.777777777778,9
"ENSMUSG00000021277","Traf3",547,693.714285714286,7
"ENSMUSG00000039395","Mreg",548,696.285714285714,7
"ENSMUSG00000051079","Rgs13",549,697.285714285714,5
"ENSMUSG00000038623","Tm6sf1",550,698.875,6
"ENSMUSG00000037124","Trim58",551,699.285714285714,6
"ENSMUSG00000028211","Trp53inp1",552,699.333333333333,7
"ENSMUSG00000027962","Vcam1",553,701,8
"ENSMUSG00000042333","Tnfrsf14",554,703.285714285714,6
"ENSMUSG00000035273","Hpse",555,705.714285714286,6
"ENSMUSG00000024669","Cd5",556,705.857142857143,7
"ENSMUSG00000029603","Dtx1",557,706.444444444444,7
"ENSMUSG00000002028","Kmt2a",558,708.222222222222,9
"ENSMUSG00000024248","Cox7a2l",559,711.444444444444,8
"ENSMUSG00000024516","Sec11c",560,713.888888888889,8
"ENSMUSG00000025982","Sf3b1",561,714,7
"ENSMUSG00000020640","Itsn2",562,714.555555555556,8
"ENSMUSG00000017499","Cdc6",563.5,715.666666666667,7
"ENSMUSG00000067212","H2-T23",563.5,715.666666666667,8
"ENSMUSG00000024937","Ehbp1l1",565,716.444444444444,8
"ENSMUSG00000000486","Sept1",566,717.333333333333,7
"ENSMUSG00000000378","Ccm2",567,718.222222222222,7
"ENSMUSG00000022216","Psme1",568,719,8
"ENSMUSG00000062210","Tnfaip8",569,719.222222222222,8
"ENSMUSG00000025017","Pik3ap1",570,719.777777777778,7
"ENSMUSG00000019942","Cdk1",571,720.333333333333,8
"ENSMUSG00000058773","Hist1h1b",572,720.428571428571,6
"ENSMUSG00000060550","H2-Q7",573,722,6
"ENSMUSG00000115338","Pnp",574,723.333333333333,7
"ENSMUSG00000041164","Zmiz2",575,724,8
"ENSMUSG00000032131","Abcg4",576,725.888888888889,7
"ENSMUSG00000050357","Carmil2",577,727,7
"ENSMUSG00000050549","Fam241a",578,730.555555555556,7
"ENSMUSG00000073063","Hbq1b",579,734.666666666667,7
"ENSMUSG00000052949","Rnf157",580,736.857142857143,5
"ENSMUSG00000001281","Itgb7",581,737.222222222222,7
"ENSMUSG00000069814","Ccdc92b",582,737.714285714286,6
"ENSMUSG00000004040","Stat3",583,737.777777777778,7
"ENSMUSG00000030232","Aebp2",584,737.875,6
"ENSMUSG00000040345","Arhgap9",585,738.888888888889,8
"ENSMUSG00000033685","Ucp2",586,740.111111111111,7
"ENSMUSG00000021880","Rnase6",587,740.666666666667,8
"ENSMUSG00000030742","Lat",588,742.333333333333,7
"ENSMUSG00000025574","Tk1",589,743.444444444444,7
"ENSMUSG00000026288","Inpp5d",590,743.555555555556,8
"ENSMUSG00000048031","Fcrl5",591,746.285714285714,7
"ENSMUSG00000023008","Fmnl3",592,747.125,7
"ENSMUSG00000081534","Slc48a1",593,750.444444444444,8
"ENSMUSG00000030655","Smg1",594,753,7
"ENSMUSG00000043336","Filip1l",595,753.666666666667,8
"ENSMUSG00000031765","Mt1",596,754.111111111111,8
"ENSMUSG00000013787","Ehmt2",597,756.333333333333,8
"ENSMUSG00000028266","Lmo4",598,758.142857142857,6
"ENSMUSG00000040247","Tbc1d10c",599,759,2
"ENSMUSG00000053175","Bcl3",600,760,5
"ENSMUSG00000024349","Tmem173",601,763,6
"ENSMUSG00000001366","Fbxo9",602,763.111111111111,8
"ENSMUSG00000090231","Cfb",603,763.555555555556,7
"ENSMUSG00000025279","Dnase1l3",604,765.666666666667,7
"ENSMUSG00000037266","Rsrp1",605,767,6
"ENSMUSG00000005057","Sh2b2",606,768.428571428571,6
"ENSMUSG00000029254","Stap1",607,769.142857142857,6
"ENSMUSG00000015597","Zfp318",608,769.571428571429,7
"ENSMUSG00000030287","Itpr2",609,772.428571428571,6
"ENSMUSG00000055723","Rras2",610,774.125,6
"ENSMUSG00000024063","Lbh",611,774.777777777778,8
"ENSMUSG00000015501","Hivep2",612,776.571428571429,6
"ENSMUSG00000027540","Ptpn1",613,777.555555555556,7
"ENSMUSG00000059336","Slc14a1",614,782.333333333333,8
"ENSMUSG00000004897","Hdgf",615,785.888888888889,8
"ENSMUSG00000031633","Slc25a4",616,786.111111111111,7
"ENSMUSG00000019726","Lyst",617,786.857142857143,5
"ENSMUSG00000041481","Serpina3g",618,787.777777777778,8
"ENSMUSG00000000861","Bcl11a",619,788.444444444444,6
"ENSMUSG00000001248","Gramd1a",620,788.888888888889,7
"ENSMUSG00000042742","Bmt2",621,790.857142857143,7
"ENSMUSG00000021384","Susd3",622,791.428571428571,5
"ENSMUSG00000037674","Rfx7",623,791.714285714286,5
"ENSMUSG00000021892","Sh3bp5",624,792,7
"ENSMUSG00000028776","Tinagl1",625,793.333333333333,8
"ENSMUSG00000031897","Psmb10",626,794.888888888889,7
"ENSMUSG00000020611","Gna13",627,795.555555555556,7
"ENSMUSG00000017697","Ada",628,800,7
"ENSMUSG00000014195","Dnajc7",629,801.444444444444,7
"ENSMUSG00000034445","Cyb561a3",630,805.333333333333,7
"ENSMUSG00000035354","Uvrag",631,807.875,6
"ENSMUSG00000026203","Dnajb2",632,808.777777777778,7
"ENSMUSG00000030688","Stard10",633,811,7
"ENSMUSG00000041528","Rnf123",634,811.555555555556,8
"ENSMUSG00000046223","Plaur",635,811.714285714286,5
"ENSMUSG00000076498","Trbc2",636,817.888888888889,6
"ENSMUSG00000031805","Jak3",637,818.571428571429,6
"ENSMUSG00000027601","Mtfr1",638,819.222222222222,7
"ENSMUSG00000025026","Add3",639,823.555555555556,7
"ENSMUSG00000029840","Mtpn",640,824.555555555556,7
"ENSMUSG00000042978","Sbk1",641,825.428571428571,6
"ENSMUSG00000033688","1300017J02Rik",642,829.444444444444,8
"ENSMUSG00000036896","C1qc",643,830.777777777778,7
"ENSMUSG00000070691","Runx3",644,832.375,7
"ENSMUSG00000018169","Mfng",645,832.714285714286,7
"ENSMUSG00000000673","Haao",646,833.625,7
"ENSMUSG00000029810","Tmem176b",647,834.333333333333,7
"ENSMUSG00000024613","Tcof1",648,835.875,5
"ENSMUSG00000037944","Ccr7",649,836,5
"ENSMUSG00000029438","Bcl7a",650,836.25,6
"ENSMUSG00000030218","Mgp",651,836.833333333333,3
"ENSMUSG00000033174","Mgll",652,840.222222222222,7
"ENSMUSG00000053819","Camk2d",653,840.333333333333,6
"ENSMUSG00000027306","Nusap1",654,841.222222222222,6
"ENSMUSG00000029672","Fam3c",655,844.285714285714,5
"ENSMUSG00000043505","Gimap5",656,844.5,6
"ENSMUSG00000029613","Eif2ak1",657,845.777777777778,6
"ENSMUSG00000030207","Fam234b",658,846.222222222222,8
"ENSMUSG00000022108","Itm2b",659,846.666666666667,6
"ENSMUSG00000018381","Abi3",660,847,6
"ENSMUSG00000055653","Gpc3",661,850,2
"ENSMUSG00000024807","Syvn1",662,850.777777777778,6
"ENSMUSG00000022111","Uchl3",663,852.25,6
"ENSMUSG00000026496","Parp1",664,853.111111111111,7
"ENSMUSG00000047368","Abhd17b",665,853.428571428571,5
"ENSMUSG00000066456","Hmgn3",666,856.714285714286,6
"ENSMUSG00000020297","Nsg2",667,859.285714285714,5
"ENSMUSG00000025366","Esyt1",668,859.444444444444,8
"ENSMUSG00000000594","Gm2a",669,860,6
"ENSMUSG00000009092","Derl3",670,860.625,6
"ENSMUSG00000053291","Rab4b",671,861.5,5
"ENSMUSG00000018398","Sept8",672,862,7
"ENSMUSG00000039783","Kmo",673,862.428571428571,4
"ENSMUSG00000024646","Cyb5a",674,862.888888888889,8
"ENSMUSG00000008496","Pou2f2",675,863.222222222222,6
"ENSMUSG00000040618","Pck2",676,863.555555555556,6
"ENSMUSG00000024339","Tap2",677,863.888888888889,5
"ENSMUSG00000034127","Tspan8",678,865,5
"ENSMUSG00000020484","Xbp1",679,869.444444444444,6
"ENSMUSG00000029599","Ddx54",680,869.555555555556,6
"ENSMUSG00000023249","Parp3",681,870.857142857143,4
"ENSMUSG00000002885","Adgre5",682,871.444444444444,5
"ENSMUSG00000078350","Smim1",683,873.111111111111,7
"ENSMUSG00000045973","Slc25a51",684,874.555555555556,7
"ENSMUSG00000037788","Vopp1",685,874.888888888889,7
"ENSMUSG00000056025","Clca3a1",686,876.444444444444,8
"ENSMUSG00000023328","Ache",687,876.555555555556,7
"ENSMUSG00000098112","Bin2",688,876.777777777778,6
"ENSMUSG00000029084","Cd38",689,880,6
"ENSMUSG00000036712","Cyld",690,880.25,6
"ENSMUSG00000028559","Osbpl9",691,880.555555555556,6
"ENSMUSG00000026311","Asb1",692,884.111111111111,7
"ENSMUSG00000026341","Actr3",693,884.333333333333,5
"ENSMUSG00000045629","Sh3tc2",694,884.555555555556,7
"ENSMUSG00000029373","Pf4",695,887.666666666667,6
"ENSMUSG00000058587","Tmod3",696,889.75,5
"ENSMUSG00000026463","Atp2b4",697,890.777777777778,8
"ENSMUSG00000073418","C4b",698,892.555555555556,5
"ENSMUSG00000026234","Ncl",699,892.888888888889,6
"ENSMUSG00000015316","Slamf1",700,894,4
"ENSMUSG00000034595","Ppp1r18",701,895.555555555556,6
"ENSMUSG00000032580","Rbm5",702,898.333333333333,7
"ENSMUSG00000000409","Lck",703,898.777777777778,6
"ENSMUSG00000026778","Prkcq",704,899.285714285714,5
"ENSMUSG00000030978","Rrm1",705,899.777777777778,6
"ENSMUSG00000036246","Gmip",706,901.333333333333,6
"ENSMUSG00000022498","Txndc11",707,902.555555555556,7
"ENSMUSG00000005610","Eif4g2",708,905.222222222222,7
"ENSMUSG00000096351","Samd11",709,905.444444444444,8
"ENSMUSG00000002897","Il17ra",710.5,905.777777777778,6
"ENSMUSG00000056851","Pcbp2",710.5,905.777777777778,6
"ENSMUSG00000069301","Hist1h2ag",712,907.714285714286,5
"ENSMUSG00000025626","Phf6",713,913.428571428571,5
"ENSMUSG00000002107","Celf2",714,913.777777777778,6
"ENSMUSG00000056413","Adap1",715,914,6
"ENSMUSG00000018340","Anxa6",716,918.666666666667,6
"ENSMUSG00000032218","Ccnb2",717,919.222222222222,8
"ENSMUSG00000032280","Tle3",718,919.5,3
"ENSMUSG00000020476","Dbnl",719,919.555555555556,5
"ENSMUSG00000046722","Cdc42se1",720,921.333333333333,7
"ENSMUSG00000002602","Axl",721,922.888888888889,6
"ENSMUSG00000024640","Psat1",722,924.285714285714,4
"ENSMUSG00000019961","Tmpo",723,924.888888888889,6
"ENSMUSG00000028478","Clta",724,925,4
"ENSMUSG00000061878","Sphk1",725,925.444444444444,7
"ENSMUSG00000021298","Gpr132",726,925.857142857143,5
"ENSMUSG00000037940","Inpp4b",727,926,4
"ENSMUSG00000004207","Psap",728,927,7
"ENSMUSG00000044927","H1fx",729,927.571428571429,6
"ENSMUSG00000023032","Slc4a8",730,928.285714285714,3
"ENSMUSG00000039853","Trim14",731,929,3
"ENSMUSG00000003199","Mpnd",732,931.875,6
"ENSMUSG00000032515","Csrnp1",733.5,933,5
"ENSMUSG00000031133","Arhgef6",733.5,933,4
"ENSMUSG00000022253","Nadk2",735,933.333333333333,6
"ENSMUSG00000029478","Ncor2",736,934.285714285714,4
"ENSMUSG00000031093","Dock11",737,934.5,6
"ENSMUSG00000045763","Basp1",738,935.428571428571,3
"ENSMUSG00000046034","Otulin",739,935.444444444444,6
"ENSMUSG00000032562","Gnai2",740.5,935.666666666667,5
"ENSMUSG00000024053","Emilin2",740.5,935.666666666667,7
"ENSMUSG00000075033","Nxpe3",742,936.428571428571,6
"ENSMUSG00000029661","Col1a2",743,937.888888888889,5
"ENSMUSG00000020279","Il9r",744,939,5
"ENSMUSG00000075704","Txnrd2",745,941.777777777778,8
"ENSMUSG00000026430","Rassf5",746,943.666666666667,7
"ENSMUSG00000004032","Gstm5",747,944,7
"ENSMUSG00000032519","Slc25a38",748,944.111111111111,7
"ENSMUSG00000021361","Tmem14c",749,945,6
"ENSMUSG00000038037","Socs1",750,947.714285714286,5
"ENSMUSG00000056290","Ms4a4b",751,950.444444444444,6
"ENSMUSG00000020029","Nudt4",752,951.555555555556,7
"ENSMUSG00000046546","Fam43a",753,951.714285714286,4
"ENSMUSG00000040710","St8sia4",754,951.875,6
"ENSMUSG00000031360","Ctps2",755,953.428571428571,5
"ENSMUSG00000071662","Polr2g",756,954,6
"ENSMUSG00000022438","Parvb",757,955.555555555556,7
"ENSMUSG00000027907","S100a11",758,957.777777777778,5
"ENSMUSG00000028557","Rnf11",759,958.111111111111,6
"ENSMUSG00000051910","Sox6",760,958.555555555556,6
"ENSMUSG00000056708","Ier5",761,959.111111111111,5
"ENSMUSG00000030057","Cnbp",762,960.555555555556,7
"ENSMUSG00000042594","Sh2b3",763,961,6
"ENSMUSG00000070808","Bicra",764,961.571428571429,4
"ENSMUSG00000032902","Slc16a1",765,962.111111111111,7
"ENSMUSG00000031402","Mpp1",766,962.888888888889,7
"ENSMUSG00000021365","Nedd9",767,963.125,5
"ENSMUSG00000027863","Cd2",768,963.444444444444,6
"ENSMUSG00000064109","Hcst",769,965.625,3
"ENSMUSG00000039452","Snx22",770,965.888888888889,6
"ENSMUSG00000026385","Dbi",771,966.888888888889,5
"ENSMUSG00000039981","Zc3h12d",772,968,2
"ENSMUSG00000063200","Nol7",773,968.111111111111,7
"ENSMUSG00000002870","Mcm2",774,968.555555555556,6
"ENSMUSG00000002014","Ssr4",775,968.888888888889,6
"ENSMUSG00000072235","Tuba1a",776,969.111111111111,5
"ENSMUSG00000059456","Ptk2b",777,972.666666666667,4
"ENSMUSG00000030269","Mtmr14",778,973.5,5
"ENSMUSG00000031165","Was",779,973.857142857143,4
"ENSMUSG00000027297","Ltk",780,974.571428571429,4
"ENSMUSG00000060675","Plaat3",781,975.333333333333,7
"ENSMUSG00000019842","Traf3ip2",782,975.428571428571,3
"ENSMUSG00000029385","Ccng2",783,977,6
"ENSMUSG00000078153","Psme2b",784,980.571428571429,4
"ENSMUSG00000024675","Ms4a4c",785,981.142857142857,4
"ENSMUSG00000002257","Def6",786,981.444444444444,6
"ENSMUSG00000031264","Btk",787,982.625,3
"ENSMUSG00000071369","Map3k5",788,983.428571428571,5
"ENSMUSG00000036752","Tubb4b",789.5,987.777777777778,6
"ENSMUSG00000035242","Oaz1",789.5,987.777777777778,4
"ENSMUSG00000004698","Hdac9",791,988.428571428571,4
"ENSMUSG00000029802","Abcg2",792,990.222222222222,6
"ENSMUSG00000027678","Ncoa3",793.5,991.444444444444,7
"ENSMUSG00000036718","Micall2",793.5,991.444444444444,6
"ENSMUSG00000032661","Oas3",795,992,6
"ENSMUSG00000040350","Trim7",796,992.333333333333,5
"ENSMUSG00000030872","Gga2",797,993.777777777778,3
"ENSMUSG00000052681","Rap1b",798,993.888888888889,6
"ENSMUSG00000042254","Cilp",799,995.166666666667,2
"ENSMUSG00000029064","Gnb1",800,995.777777777778,5
"ENSMUSG00000032115","Hyou1",801,997.285714285714,4
"ENSMUSG00000056234","Ncoa4",802,999,6
"ENSMUSG00000025742","Prps2",803,999.428571428571,4
"ENSMUSG00000037012","Hk1",804,999.666666666667,7
"ENSMUSG00000021091","Serpina3n",805,1001.75,3
"ENSMUSG00000031722","Hp",806,1004.33333333333,2
"ENSMUSG00000052298","Cdc42se2",807,1004.77777777778,7
"ENSMUSG00000029328","Hnrnpdl",808,1005.66666666667,4
"ENSMUSG00000030697","Ppp4c",809,1005.88888888889,4
"ENSMUSG00000055675","Kbtbd11",810,1006.57142857143,5
"ENSMUSG00000007836","Hnrnpa0",811,1007.55555555556,5
"ENSMUSG00000032966","Fkbp1a",812,1009.44444444444,6
"ENSMUSG00000033307","Mif",813,1010.55555555556,5
"ENSMUSG00000027347","Rasgrp1",814.5,1012.75,5
"ENSMUSG00000028931","Kcnab2",814.5,1012.75,6
"ENSMUSG00000040859","Bsdc1",816,1013,6
"ENSMUSG00000001014","Icam4",817,1015.11111111111,7
"ENSMUSG00000028799","Zfp362",818,1016.85714285714,4
"ENSMUSG00000032097","Ddx6",819,1017.33333333333,6
"ENSMUSG00000025393","Atp5b",820,1019.44444444444,5
"ENSMUSG00000058655","Eif4b",821,1020.66666666667,5
"ENSMUSG00000033016","Nfatc1",822,1022.75,5
"ENSMUSG00000026347","Tmem163",823,1023.28571428571,2
"ENSMUSG00000022594","Lynx1",824,1023.57142857143,5
"ENSMUSG00000027408","Cpxm1",825,1025.375,6
"ENSMUSG00000047648","Fbxo30",826,1025.44444444444,4
"ENSMUSG00000035000","Dpp4",827,1026.57142857143,5
"ENSMUSG00000024989","Cep55",828,1029.57142857143,3
"ENSMUSG00000031698","Mylk3",829,1029.66666666667,6
"ENSMUSG00000058715","Fcer1g",830,1034.22222222222,5
"ENSMUSG00000038179","Slamf7",831,1036.28571428571,4
"ENSMUSG00000039691","Tspan10",832,1036.42857142857,4
"ENSMUSG00000029675","Eln",833,1037.77777777778,5
"ENSMUSG00000027447","Cst3",834.5,1037.88888888889,8
"ENSMUSG00000003585","Sec14l2",834.5,1037.88888888889,6
"ENSMUSG00000023277","Twf2",836,1038.55555555556,6
"ENSMUSG00000036398","Ppp1r11",837,1040,4
"ENSMUSG00000026027","Stradb",838,1040.44444444444,7
"ENSMUSG00000053477","Tcf4",839,1041.75,5
"ENSMUSG00000004980","Hnrnpa2b1",840,1042.11111111111,4
"ENSMUSG00000052253","Zfp622",841,1042.125,4
"ENSMUSG00000052397","Ezr",842,1042.66666666667,3
"ENSMUSG00000028161","Ppp3ca",843,1043,6
"ENSMUSG00000045316","Fahd1",844,1045,6
"ENSMUSG00000049086","Bmyc",845,1045.28571428571,5
"ENSMUSG00000030282","Cmas",846,1046.22222222222,5
"ENSMUSG00000002068","Ccne1",847,1047.88888888889,8
"ENSMUSG00000004359","Spic",848,1048.66666666667,7
"ENSMUSG00000018322","Tomm34",849,1049.55555555556,6
"ENSMUSG00000052837","Junb",850,1049.875,5
"ENSMUSG00000034610","Tut4",851,1050.57142857143,3
"ENSMUSG00000041354","Rgl2",852,1051.55555555556,5
"ENSMUSG00000076490","Trbc1",853,1052.33333333333,6
"ENSMUSG00000018983","E2f2",854,1052.66666666667,7
"ENSMUSG00000017760","Ctsa",855,1054.33333333333,5
"ENSMUSG00000026390","Marco",856,1055.77777777778,4
"ENSMUSG00000038943","Prc1",857,1059.88888888889,7
"ENSMUSG00000020733","Slc9a3r1",858,1060.55555555556,5
"ENSMUSG00000023367","Tmem176a",859,1062.11111111111,5
"ENSMUSG00000046295","Ankle1",860,1062.55555555556,8
"ENSMUSG00000042613","Pbxip1",861,1065.5,4
"ENSMUSG00000032327","Stra6",862,1065.83333333333,2
"ENSMUSG00000039936","Pik3cd",863,1066.44444444444,4
"ENSMUSG00000001020","S100a4",864,1067,5
"ENSMUSG00000079355","Ackr4",865,1067.33333333333,2
"ENSMUSG00000031342","Gpm6b",866,1068.16666666667,4
"ENSMUSG00000036887","C1qa",867,1068.88888888889,5
"ENSMUSG00000032440","Tgfbr2",868,1072.11111111111,5
"ENSMUSG00000071076","Jund",869,1075.11111111111,6
"ENSMUSG00000026222","Sp100",870,1076.88888888889,6
"ENSMUSG00000002983","Relb",871,1078.25,3
"ENSMUSG00000022443","Myh9",872,1081.33333333333,5
"ENSMUSG00000041329","Atp1b2",873,1082.5,6
"ENSMUSG00000060791","Gmfg",874,1083.22222222222,6
"ENSMUSG00000026596","Abl2",875,1084.57142857143,2
"ENSMUSG00000037553","Zdhhc18",876,1085,5
"ENSMUSG00000026104","Stat1",877,1085.33333333333,5
"ENSMUSG00000089809","Rasgef1b",878,1088.42857142857,3
"ENSMUSG00000027937","Jtb",879,1088.55555555556,4
"ENSMUSG00000020900","Myh10",880,1090.77777777778,6
"ENSMUSG00000026924","Sec16a",881,1091.125,4
"ENSMUSG00000040663","Clcf1",882,1091.22222222222,3
"ENSMUSG00000045216","Hs6st1",883,1092.66666666667,5
"ENSMUSG00000024158","Hagh",884,1092.88888888889,6
"ENSMUSG00000021494","Ddx41",885,1094.375,5
"ENSMUSG00000024012","Mtch1",886,1096.55555555556,3
"ENSMUSG00000026198","Abcb6",887,1101,7
"ENSMUSG00000037826","Ppm1k",888,1108.57142857143,2
"ENSMUSG00000026657","Frmd4a",889,1111.33333333333,5
"ENSMUSG00000039384","Dusp10",890,1112.28571428571,3
"ENSMUSG00000030733","Sh2b1",891,1114,3
"ENSMUSG00000017781","Pitpna",892,1115.66666666667,4
"ENSMUSG00000022961","Son",893,1116.33333333333,2
"ENSMUSG00000041120","Nbl1",895,1119.75,3
"ENSMUSG00000002111","Spi1",896,1121.22222222222,5
"ENSMUSG00000037894","H2afz",897,1121.55555555556,7
"ENSMUSG00000032350","Gclc",898,1123.44444444444,7
"ENSMUSG00000005540","Fcer2a",899,1125.22222222222,5
"ENSMUSG00000034724","Cnot6l",900,1125.375,4
"ENSMUSG00000024742","Fen1",901,1126.44444444444,5
"ENSMUSG00000058006","Mdn1",902,1128.625,4
"ENSMUSG00000024896","Minpp1",903,1130.33333333333,6
"ENSMUSG00000024335","Brd2",904,1131.11111111111,2
"ENSMUSG00000007872","Id3",906,1133.11111111111,5
"ENSMUSG00000016921","Srsf6",907,1133.33333333333,4
"ENSMUSG00000018899","Irf1",908,1135.22222222222,2
"ENSMUSG00000038352","Arl5c",909,1136.75,4
"ENSMUSG00000023169","Slc38a1",910,1138.44444444444,5
"ENSMUSG00000037172","E330009J07Rik",911,1140,2
"ENSMUSG00000074151","Nlrc5",912,1140.77777777778,5
"ENSMUSG00000046562","Unc119b",913,1142.25,4
"ENSMUSG00000038608","Dock10",914,1142.55555555556,5
"ENSMUSG00000032436","Cmtm7",915,1145.77777777778,5
"ENSMUSG00000048442","Smim5",916,1146,6
"ENSMUSG00000016087","Fli1",917,1146.75,4
"ENSMUSG00000079553","Kifc1",918,1147.66666666667,7
"ENSMUSG00000027630","Tbl1xr1",919,1150.125,3
"ENSMUSG00000020941","Map3k14",920,1151.57142857143,4
"ENSMUSG00000031885","Cbfb",921,1152.375,5
"ENSMUSG00000039989","Cbx4",922,1152.625,2
"ENSMUSG00000013662","Atad1",923,1156.57142857143,3
"ENSMUSG00000015745","Plekho1",924,1157.11111111111,4
"ENSMUSG00000021356","Irf4",925,1158.33333333333,5
"ENSMUSG00000021830","Txndc16",926,1159.85714285714,2
"ENSMUSG00000020315","Sptbn1",927.5,1160,7
"ENSMUSG00000010142","Tnfrsf13b",927.5,1160,4
"ENSMUSG00000000804","Usp32",929,1160.11111111111,6
"ENSMUSG00000037731","Themis2",930,1161.22222222222,3
"ENSMUSG00000050002","Idnk",931,1162.625,4
"ENSMUSG00000028525","Pde4b",932,1163.42857142857,2
"ENSMUSG00000030256","Bhlhe41",933,1163.57142857143,4
"ENSMUSG00000026457","Adipor1",934,1163.66666666667,5
"ENSMUSG00000036461","Elf1",935,1163.88888888889,5
"ENSMUSG00000030766","Arhgap17",936,1164.88888888889,3
"ENSMUSG00000016206","H2-M3",937,1165.55555555556,4
"ENSMUSG00000002033","Cd3g",938,1167.33333333333,3
"ENSMUSG00000035448","Ccr3",939,1168.22222222222,6
"ENSMUSG00000039294","Cybc1",940,1170,4
"ENSMUSG00000037503","Fam168b",941,1172.55555555556,4
"ENSMUSG00000051022","Hs3st1",942,1173,3
"ENSMUSG00000026043","Col3a1",943,1174.11111111111,5
"ENSMUSG00000050232","Cxcr3",944,1174.14285714286,2
"ENSMUSG00000093930","Hmgcs1",945,1174.42857142857,2
"ENSMUSG00000027544","Nfatc2",946,1174.57142857143,2
"ENSMUSG00000027936","Crtc2",947,1174.71428571429,2
"ENSMUSG00000020696","Rffl",948,1174.77777777778,6
"ENSMUSG00000023886","Smoc2",949,1176.44444444444,4
"ENSMUSG00000052212","Cd177",950,1176.625,5
"ENSMUSG00000022353","Mtss1",951,1178.5,3
"ENSMUSG00000029062","Cdk11b",952,1178.77777777778,3
"ENSMUSG00000022439","Parvg",953,1179.22222222222,5
"ENSMUSG00000026360","Rgs2",954.5,1179.33333333333,3
"ENSMUSG00000055447","Cd47",954.5,1179.33333333333,6
"ENSMUSG00000027339","Rassf2",956,1180.25,2
"ENSMUSG00000022043","Trim35",957,1180.75,4
"ENSMUSG00000026866","Kynu",958,1183.14285714286,2
"ENSMUSG00000057738","Sptan1",959,1184.44444444444,4
"ENSMUSG00000022018","Rgcc",960,1185.33333333333,5
"ENSMUSG00000032093","Cd3e",961,1188.625,4
"ENSMUSG00000016526","Dyrk3",962,1191,5
"ENSMUSG00000032698","Lmo2",963,1191.55555555556,6
"ENSMUSG00000103409","Lsmem2",964,1193.71428571429,2
"ENSMUSG00000019188","H13",965,1193.88888888889,6
"ENSMUSG00000018659","Pnpo",966,1197.66666666667,3
"ENSMUSG00000038267","Slc22a23",967,1200.88888888889,5
"ENSMUSG00000036002","Fam214b",968,1201.66666666667,5
"ENSMUSG00000034006","Pqlc1",969,1202.77777777778,5
"ENSMUSG00000027433","Xrn2",970,1203.125,3
"ENSMUSG00000036905","C1qb",971,1203.66666666667,4
"ENSMUSG00000027985","Lef1",972,1204.42857142857,4
"ENSMUSG00000036006","Ripor2",973,1204.77777777778,5
"ENSMUSG00000053565","Eif3k",974,1205.55555555556,3
"ENSMUSG00000017737","Mmp9",975,1206.55555555556,5
"ENSMUSG00000038418","Egr1",976,1207,3
"ENSMUSG00000024975","Pdcd4",977,1208,6
"ENSMUSG00000025743","Sdc3",978,1210.22222222222,4
"ENSMUSG00000031508","Ankrd10",979,1211.33333333333,3
"ENSMUSG00000052144","Ppp4r2",980,1211.55555555556,3
"ENSMUSG00000019843","Fyn",981,1212.66666666667,3
"ENSMUSG00000049807","Arhgap23",982,1214.11111111111,6
"ENSMUSG00000028343","Erp44",983,1216.75,5
"ENSMUSG00000044786","Zfp36",984,1220.88888888889,3
"ENSMUSG00000001467","Cyp51",985,1224,3
"ENSMUSG00000038252","Ncapd2",986,1224.33333333333,6
"ENSMUSG00000034994","Eef2",987,1225.55555555556,6
"ENSMUSG00000049470","Aff4",988,1225.875,3
"ENSMUSG00000000782","Tcf7",989,1228,3
"ENSMUSG00000068129","Cst7",990,1229.5,2
"ENSMUSG00000032870","Smap2",991,1230.44444444444,5
"ENSMUSG00000020541","Tom1l1",992,1231.28571428571,4
"ENSMUSG00000022900","Ildr1",993,1231.57142857143,3
"ENSMUSG00000051748","Wfdc21",994,1236.875,5
"ENSMUSG00000047767","Atg16l2",995,1237.5,2
"ENSMUSG00000026626","Ppp2r5a",996,1238,4
"ENSMUSG00000020953","Coch",997,1238.11111111111,5
"ENSMUSG00000104876","Trdc",998,1238.375,5
"ENSMUSG00000036273","Lrrk2",999,1239.42857142857,3
"ENSMUSG00000027901","Dennd2d",1000,1240.625,2
"ENSMUSG00000020700","Map3k3",1001,1244,3
"ENSMUSG00000045038","Prkce",1002,1244.57142857143,2
"ENSMUSG00000058709","Egln2",1003,1244.75,3
"ENSMUSG00000098557","Kctd12",1004,1244.88888888889,4
"ENSMUSG00000032285","Dnaja4",1005,1246.11111111111,4
"ENSMUSG00000029722","Agfg2",1006,1247,6
"ENSMUSG00000032089","Il10ra",1007,1247.11111111111,3
"ENSMUSG00000038342","Mlxip",1008,1247.42857142857,2
"ENSMUSG00000032231","Anxa2",1009,1251.22222222222,6
"ENSMUSG00000004642","Slbp",1010,1251.55555555556,7
"ENSMUSG00000052613","Pcdh15",1011,1252.33333333333,2
"ENSMUSG00000020334","Slc22a4",1012,1252.66666666667,5
"ENSMUSG00000029177","Cenpa",1013,1254,6
"ENSMUSG00000005686","Ampd3",1014,1254.88888888889,5
"ENSMUSG00000032094","Cd3d",1015,1255.22222222222,6
"ENSMUSG00000022194","Pabpn1",1016,1255.85714285714,2
"ENSMUSG00000018474","Chd3",1017,1256.55555555556,3
"ENSMUSG00000048578","Mlec",1018,1256.66666666667,6
"ENSMUSG00000061353","Cxcl12",1019,1258.44444444444,6
"ENSMUSG00000026389","Steap3",1020,1262.42857142857,6
"ENSMUSG00000039637","Coro7",1021,1262.55555555556,4
"ENSMUSG00000062585","Cnr2",1022,1263.57142857143,4
"ENSMUSG00000042572","Ube2q1",1023,1266.44444444444,3
"ENSMUSG00000074227","Spint2",1024,1267.77777777778,4
"ENSMUSG00000038437","Mllt6",1025,1268.55555555556,3
"ENSMUSG00000026989","Dapl1",1026,1268.8,2
"ENSMUSG00000033318","Gstt2",1027,1271.71428571429,3
"ENSMUSG00000005410","Mcm5",1028,1275.11111111111,4
"ENSMUSG00000030738","Eif3c",1029,1276.22222222222,2
"ENSMUSG00000018339","Gpx3",1030,1279.44444444444,5
"ENSMUSG00000031770","Herpud1",1031,1280.44444444444,3
"ENSMUSG00000021242","Npc2",1032,1280.55555555556,2
"ENSMUSG00000032221","Mns1",1033,1281.77777777778,5
"ENSMUSG00000067071","Hes6",1034,1282.875,2
"ENSMUSG00000062070","Pgk1",1035,1283.11111111111,2
"ENSMUSG00000038312","Edem2",1037,1284.88888888889,5
"ENSMUSG00000034297","Med13",1038,1285.55555555556,3
"ENSMUSG00000020125","Elane",1039,1286.66666666667,4
"ENSMUSG00000040225","Prrc2c",1040,1289.55555555556,4
"ENSMUSG00000020309","Chac2",1041,1289.66666666667,5
"ENSMUSG00000015314","Slamf6",1042,1291.4,3
"ENSMUSG00000020717","Pecam1",1043,1292.55555555556,5
"ENSMUSG00000002603","Tgfb1",1044,1292.88888888889,6
"ENSMUSG00000003484","Cyp4f18",1045,1293.5,4
"ENSMUSG00000014859","E2f4",1046,1296.44444444444,6
"ENSMUSG00000020849","Ywhae",1047,1297.33333333333,3
"ENSMUSG00000031807","Pgls",1048,1302.11111111111,3
"ENSMUSG00000050075","Gpr171",1049,1304.14285714286,2
"ENSMUSG00000060860","Ube2s",1050,1305,3
"ENSMUSG00000014956","Ppp1cb",1051,1307.33333333333,6
"ENSMUSG00000013707","Tnfaip8l2",1052,1309.875,3
"ENSMUSG00000003184","Irf3",1053,1311,4
"ENSMUSG00000032575","Manf",1054,1311.22222222222,3
"ENSMUSG00000038127","Ccdc50",1055,1312.77777777778,2
"ENSMUSG00000026455","Klhl12",1056,1314.22222222222,4
"ENSMUSG00000026355","Mcm6",1057,1316.33333333333,5
"ENSMUSG00000025854","Fam20c",1058,1317.33333333333,2
"ENSMUSG00000027510","Rbm38",1059,1319.66666666667,5
"ENSMUSG00000029642","Polr1d",1060,1319.88888888889,4
"ENSMUSG00000022651","Retnlg",1061,1320.375,4
"ENSMUSG00000069265","Hist1h3a",1062,1323,4
"ENSMUSG00000028954","Nub1",1063,1323.25,2
"ENSMUSG00000040204","Pclaf",1064,1323.77777777778,3
"ENSMUSG00000030956","Fam53b",1065,1325.22222222222,7
"ENSMUSG00000037447","Arid5a",1066,1326.28571428571,2
"ENSMUSG00000020321","Mdh1",1067,1327,4
"ENSMUSG00000034591","Slc41a2",1068,1327.16666666667,2
"ENSMUSG00000037926","Ssh2",1069,1327.85714285714,3
"ENSMUSG00000020437","Myo1g",1070,1330.4,2
"ENSMUSG00000022565","Plec",1071,1331.75,4
"ENSMUSG00000053113","Socs3",1072,1333,2
"ENSMUSG00000057113","Npm1",1073,1333.22222222222,5
"ENSMUSG00000044352","Sowaha",1074.5,1333.55555555556,6
"ENSMUSG00000020547","Bzw2",1074.5,1333.55555555556,6
"ENSMUSG00000018379","Srsf1",1076,1333.77777777778,4
"ENSMUSG00000033554","Dph5",1077,1337.42857142857,2
"ENSMUSG00000044037","Als2cl",1078,1338.85714285714,2
"ENSMUSG00000032035","Ets1",1079,1339,4
"ENSMUSG00000036814","Slc6a20a",1080,1339.33333333333,5
"ENSMUSG00000031157","Pqbp1",1081,1340.22222222222,3
"ENSMUSG00000025203","Scd2",1082,1340.55555555556,2
"ENSMUSG00000032869","Psmf1",1083,1341.77777777778,5
"ENSMUSG00000031103","Elf4",1084,1344.77777777778,3
"ENSMUSG00000075254","Heg1",1085,1345.44444444444,4
"ENSMUSG00000025225","Nfkb2",1086,1349,4
"ENSMUSG00000020573","Pik3cg",1087,1356.14285714286,3
"ENSMUSG00000026305","Lrrfip1",1088,1359.875,5
"ENSMUSG00000027330","Cdc25b",1089,1360,4
"ENSMUSG00000030322","Mbd4",1090,1360.28571428571,2
"ENSMUSG00000029752","Asns",1091,1361.77777777778,5
"ENSMUSG00000017493","Igfbp4",1092,1362.77777777778,5
"ENSMUSG00000027130","Slc12a6",1093,1365.33333333333,3
"ENSMUSG00000074093","Svip",1094,1366.125,5
"ENSMUSG00000022014","Epsti1",1095,1366.375,2
"ENSMUSG00000015733","Capza2",1096,1367.55555555556,2
"ENSMUSG00000022575","Gsdmd",1097,1368.11111111111,2
"ENSMUSG00000036046","5031439G07Rik",1098,1368.22222222222,4
"ENSMUSG00000015355","Cd48",1099,1370.44444444444,4
"ENSMUSG00000031375","Bgn",1100,1374.11111111111,2
"ENSMUSG00000024085","Man2a1",1101,1374.33333333333,4
"ENSMUSG00000023991","Foxp4",1102,1374.42857142857,2
"ENSMUSG00000028673","Fuca1",1103,1374.55555555556,2
"ENSMUSG00000029372","Ppbp",1104,1375,6
"ENSMUSG00000034981","Parm1",1105,1377,2
"ENSMUSG00000021794","Glud1",1106,1377.33333333333,3
"ENSMUSG00000026399","Cd55",1107,1377.44444444444,3
"ENSMUSG00000070934","Rraga",1108,1378.5,3
"ENSMUSG00000036371","Serbp1",1109,1378.88888888889,3
"ENSMUSG00000029925","Tbxas1",1110,1379,2
"ENSMUSG00000034165","Ccnd3",1111,1379.33333333333,3
"ENSMUSG00000020183","Cpm",1112,1379.42857142857,3
"ENSMUSG00000027784","Ppm1l",1113,1379.71428571429,3
"ENSMUSG00000026835","Fcnb",1114,1380.42857142857,3
"ENSMUSG00000016918","Sulf1",1115,1382,2
"ENSMUSG00000042292","Mrtfa",1116,1382.125,3
"ENSMUSG00000026317","Cln8",1117,1382.22222222222,4
"ENSMUSG00000041859","Mcm3",1118,1383.11111111111,5
"ENSMUSG00000035891","Cerk",1119,1383.22222222222,3
"ENSMUSG00000042423","Fbrs",1120,1385.66666666667,3
"ENSMUSG00000054387","Mdm4",1121,1385.88888888889,2
"ENSMUSG00000004677","Myo9b",1122,1387.22222222222,2
"ENSMUSG00000017861","Mybl2",1123,1388.44444444444,5
"ENSMUSG00000007891","Ctsd",1124,1389.11111111111,2
"ENSMUSG00000018209","Stk4",1125,1391.66666666667,4
"ENSMUSG00000005034","Prkacb",1126,1391.88888888889,4
"ENSMUSG00000049287","Iba57",1127,1392,3
"ENSMUSG00000020474","Polm",1128,1392.71428571429,2
"ENSMUSG00000031833","Mast3",1129,1394.88888888889,2
"ENSMUSG00000053137","Mapk11",1130,1396.57142857143,2
"ENSMUSG00000026987","Baz2b",1131,1396.88888888889,3
"ENSMUSG00000041740","Rnf10",1132,1397.11111111111,6
"ENSMUSG00000062901","Klhl24",1133,1398.5,2
"ENSMUSG00000024548","Setbp1",1134,1400,2
"ENSMUSG00000028312","Smc2",1135,1400.22222222222,4
"ENSMUSG00000032437","Stt3b",1136,1401.44444444444,2
"ENSMUSG00000048756","Foxo3",1137,1406.33333333333,6
"ENSMUSG00000054342","Kcnn4",1138,1410.66666666667,3
"ENSMUSG00000042436","Mfap4",1139,1415,2
"ENSMUSG00000001025","S100a6",1140,1417,4
"ENSMUSG00000055436","Srsf11",1141,1418.55555555556,4
"ENSMUSG00000021270","Hsp90aa1",1142,1419.66666666667,4
"ENSMUSG00000038976","Ppp1r9b",1143,1420.88888888889,3
"ENSMUSG00000026526","Fh1",1144,1421.55555555556,2
"ENSMUSG00000009350","Mpo",1145,1421.77777777778,3
"ENSMUSG00000035459","Stab2",1146,1426.55555555556,4
"ENSMUSG00000024308","Tapbp",1147,1427.66666666667,3
"ENSMUSG00000022965","Ifngr2",1148,1428.5,3
"ENSMUSG00000078578","Ube2d3",1149,1435.11111111111,2
"ENSMUSG00000027011","Ube2e3",1150,1436.55555555556,4
"ENSMUSG00000042524","Sun2",1151,1436.66666666667,3
"ENSMUSG00000001506","Col1a1",1152,1437.11111111111,5
"ENSMUSG00000073676","Hspe1",1153,1438.88888888889,3
"ENSMUSG00000039137","Whrn",1154,1439.28571428571,2
"ENSMUSG00000019861","Gopc",1155,1440,2
"ENSMUSG00000032741","Tpcn1",1156,1441.77777777778,3
"ENSMUSG00000029174","Tbc1d1",1157,1443.125,2
"ENSMUSG00000031627","Irf2",1158.5,1443.33333333333,4
"ENSMUSG00000113902","Ndufb1-ps",1158.5,1443.33333333333,3
"ENSMUSG00000025364","Pa2g4",1160,1450.55555555556,3
"ENSMUSG00000062397","Zfp706",1161,1452.33333333333,3
"ENSMUSG00000032380","Dapk2",1162,1453,5
"ENSMUSG00000021608","Lpcat1",1163,1454,5
"ENSMUSG00000049871","Nlrc3",1164,1456.85714285714,2
"ENSMUSG00000071757","Zhx2",1165,1457.14285714286,2
"ENSMUSG00000030695","Aldoa",1166,1458.44444444444,3
"ENSMUSG00000093445","Lrch4",1167,1462,5
"ENSMUSG00000056268","Dennd1b",1168,1466.71428571429,4
"ENSMUSG00000029267","Mtf2",1169,1469.625,2
"ENSMUSG00000005312","Ubqln1",1170,1473.55555555556,5
"ENSMUSG00000073616","Cops9",1171,1474.77777777778,2
"ENSMUSG00000018566","Slc2a4",1172,1476.55555555556,4
"ENSMUSG00000042675","Ypel3",1173,1477.11111111111,3
"ENSMUSG00000028367","Txn1",1174,1480.77777777778,3
"ENSMUSG00000030365","Clec2i",1175,1487,2
"ENSMUSG00000018593","Sparc",1176,1487.11111111111,3
"ENSMUSG00000034247","Plekhm1",1177,1488.22222222222,2
"ENSMUSG00000048163","Selplg",1178,1492.22222222222,4
"ENSMUSG00000009013","Dynll1",1179,1493.55555555556,3
"ENSMUSG00000054309","Cpsf3",1180,1495.44444444444,3
"ENSMUSG00000031548","Sfrp1",1181,1496.42857142857,3
"ENSMUSG00000069833","Ahnak",1182,1498.33333333333,2
"ENSMUSG00000032187","Smarca4",1183,1498.55555555556,4
"ENSMUSG00000037544","Dlgap5",1184,1502.11111111111,5
"ENSMUSG00000027215","Cd82",1185,1503.22222222222,5
"ENSMUSG00000032637","Atxn2l",1186,1504.44444444444,2
"ENSMUSG00000031446","Cul4a",1187,1507.22222222222,5
"ENSMUSG00000050914","Ankrd37",1188,1508.14285714286,2
"ENSMUSG00000024513","Mbd2",1189,1508.33333333333,3
"ENSMUSG00000020358","Hnrnpab",1190,1509.88888888889,4
"ENSMUSG00000001228","Uhrf1",1191,1510.22222222222,3
"ENSMUSG00000000056","Narf",1192,1512.33333333333,4
"ENSMUSG00000037857","Nufip2",1193,1513.85714285714,2
"ENSMUSG00000020917","Acly",1194,1515.88888888889,3
"ENSMUSG00000028059","Arhgef2",1195,1516.44444444444,3
"ENSMUSG00000025747","Tyms",1196,1516.66666666667,4
"ENSMUSG00000057058","Skap1",1197,1517.14285714286,2
"ENSMUSG00000014361","Mertk",1198,1517.25,2
"ENSMUSG00000020736","Nt5c",1199.5,1519.44444444444,2
"ENSMUSG00000038725","Pkhd1l1",1199.5,1519.44444444444,5
"ENSMUSG00000013593","Ndufs2",1201,1520.33333333333,2
"ENSMUSG00000110195","Pde2a",1202,1520.85714285714,2
"ENSMUSG00000034707","Gns",1203,1520.88888888889,2
"ENSMUSG00000022957","Itsn1",1204,1524.11111111111,4
"ENSMUSG00000079426","Arpc4",1205,1526,2
"ENSMUSG00000028212","Ccne2",1206,1529.11111111111,4
"ENSMUSG00000026553","Copa",1207,1529.77777777778,4
"ENSMUSG00000042476","Abcb4",1208,1531,4
"ENSMUSG00000054434","Tmem120b",1209,1531.22222222222,5
"ENSMUSG00000024013","Fgd2",1210,1531.66666666667,2
"ENSMUSG00000020612","Prkar1a",1211,1532.11111111111,3
"ENSMUSG00000020914","Top2a",1212,1537.66666666667,3
"ENSMUSG00000026117","Zap70",1213,1539.125,2
"ENSMUSG00000052593","Adam17",1214,1540,2
"ENSMUSG00000022982","Sod1",1215,1540.22222222222,2
"ENSMUSG00000028692","Akr1a1",1216.5,1542.11111111111,3
"ENSMUSG00000056394","Lig1",1216.5,1542.11111111111,5
"ENSMUSG00000033065","Pfkm",1218,1542.88888888889,4
"ENSMUSG00000028132","Tmem56",1219,1544,4
"ENSMUSG00000025935","Tram1",1220,1545,2
"ENSMUSG00000004707","Ly9",1221,1546.625,2
"ENSMUSG00000009687","Fxyd5",1222,1551.55555555556,3
"ENSMUSG00000020346","Mgat1",1223,1552.88888888889,3
"ENSMUSG00000025573","6030468B19Rik",1224,1553.57142857143,4
"ENSMUSG00000027199","Gatm",1225.5,1554.11111111111,3
"ENSMUSG00000049932","H2afx",1225.5,1554.11111111111,3
"ENSMUSG00000035268","Pkig",1227,1555.88888888889,2
"ENSMUSG00000029186","Pi4k2b",1228,1556.375,3
"ENSMUSG00000020932","Gfap",1229,1557.28571428571,3
"ENSMUSG00000054452","Tle5",1230,1557.66666666667,3
"ENSMUSG00000064120","Mocs1",1231,1559.33333333333,3
"ENSMUSG00000011831","Evi5",1232,1559.55555555556,3
"ENSMUSG00000037754","Ppp1r16b",1233,1568.85714285714,2
"ENSMUSG00000017314","Mpp2",1234,1571,4
"ENSMUSG00000074649","BC029722",1235.5,1573,2
"ENSMUSG00000029716","Tfr2",1235.5,1573,4
"ENSMUSG00000041890","Git2",1237,1574.77777777778,2
"ENSMUSG00000072082","Ccnf",1238,1575.22222222222,4
"ENSMUSG00000022051","Bnip3l",1239,1575.33333333333,4
"ENSMUSG00000041697","Cox6a1",1240,1576.11111111111,2
"ENSMUSG00000022884","Eif4a2",1241,1577.44444444444,4
"ENSMUSG00000054766","Set",1242,1577.55555555556,2
"ENSMUSG00000027843","Ptpn22",1243,1580.25,3
"ENSMUSG00000026034","Clk1",1244,1583.77777777778,3
"ENSMUSG00000016283","H2-M2",1245,1588,2
"ENSMUSG00000002204","Napsa",1246,1589.25,2
"ENSMUSG00000029106","Add1",1248.5,1590.55555555556,2
"ENSMUSG00000025130","P4hb",1248.5,1590.55555555556,3
"ENSMUSG00000002015","Bcap31",1250,1591,3
"ENSMUSG00000058446","Znrf2",1251,1591.75,3
"ENSMUSG00000020235","Fzr1",1252,1593.33333333333,4
"ENSMUSG00000005470","Asf1b",1253,1594.88888888889,3
"ENSMUSG00000037572","Wdhd1",1254,1597.66666666667,2
"ENSMUSG00000022175","Lrp10",1255,1599.44444444444,3
"ENSMUSG00000027203","Dut",1256,1600.66666666667,5
"ENSMUSG00000027523","Gnas",1257,1602.11111111111,4
"ENSMUSG00000026393","Nek7",1258,1605.33333333333,2
"ENSMUSG00000051451","Crebzf",1259,1607.22222222222,3
"ENSMUSG00000042507","Elmsan1",1260,1608.57142857143,2
"ENSMUSG00000021877","Arf4",1261,1609.44444444444,2
"ENSMUSG00000057193","Slc44a2",1262,1618,3
"ENSMUSG00000015749","Anp32e",1263,1618.33333333333,3
"ENSMUSG00000028551","Cdkn2c",1264,1618.66666666667,3
"ENSMUSG00000006205","Htra1",1265,1621.11111111111,2
"ENSMUSG00000024660","Incenp",1266,1627.88888888889,2
"ENSMUSG00000027248","Pdia3",1267,1635.33333333333,4
"ENSMUSG00000027953","Slc50a1",1268,1636.11111111111,2
"ENSMUSG00000028249","Sdcbp",1269,1637.44444444444,4
"ENSMUSG00000040010","Slc7a5",1270,1642.77777777778,3
"ENSMUSG00000023942","Slc29a1",1271,1643.55555555556,3
"ENSMUSG00000044792","Isca1",1272,1644,2
"ENSMUSG00000025400","Tac2",1273,1648.28571428571,2
"ENSMUSG00000022021","Diaph3",1274,1649,2
"ENSMUSG00000007880","Arid1a",1275,1651.66666666667,2
"ENSMUSG00000025492","Ifitm3",1276,1653.66666666667,3
"ENSMUSG00000031983","2310022B05Rik",1277,1656.44444444444,2
"ENSMUSG00000031154","Otud5",1278,1656.88888888889,4
"ENSMUSG00000043131","Mob1a",1279,1659.11111111111,4
"ENSMUSG00000051853","Arf3",1281,1662.44444444444,2
"ENSMUSG00000042625","Safb2",1282,1663.11111111111,2
"ENSMUSG00000020744","Slc25a19",1283,1664.25,3
"ENSMUSG00000021221","Dpf3",1284,1664.85714285714,3
"ENSMUSG00000031431","Tsc22d3",1285,1665.55555555556,3
"ENSMUSG00000012443","Kif11",1286,1666.11111111111,4
"ENSMUSG00000029101","Rgs12",1287,1667.88888888889,4
"ENSMUSG00000048277","Syngr2",1288.5,1673.11111111111,2
"ENSMUSG00000022536","Glyr1",1288.5,1673.11111111111,3
"ENSMUSG00000024045","Akap8",1290,1673.77777777778,4
"ENSMUSG00000023272","Creld2",1291,1682.66666666667,3
"ENSMUSG00000052331","Ankrd44",1292,1696.125,2
"ENSMUSG00000048776","Pthlh",1293,1697,2
"ENSMUSG00000022463","Srebf2",1294,1701.77777777778,2
"ENSMUSG00000053977","Cd8a",1295,1704.375,3
"ENSMUSG00000033379","Atp6v0b",1296,1715,2
"ENSMUSG00000031996","Aplp2",1297,1716.55555555556,2
"ENSMUSG00000028163","Nfkb1",1298,1720,2
"ENSMUSG00000078763","Slfn1",1299,1720.42857142857,3
"ENSMUSG00000028277","Ube2j1",1300,1723.33333333333,2
"ENSMUSG00000022890","Atp5j",1301,1727.88888888889,3
"ENSMUSG00000061665","Cd2ap",1302,1730.33333333333,2
"ENSMUSG00000026574","Dpt",1303,1737,2
"ENSMUSG00000001729","Akt1",1304,1738.44444444444,2
"ENSMUSG00000055065","Ddx17",1305,1740.11111111111,3
"ENSMUSG00000041736","Tspo",1306,1741,2
"ENSMUSG00000027881","Prpf38b",1307,1742.77777777778,3
"ENSMUSG00000032249","Anp32a",1308,1745.5,5
"ENSMUSG00000003068","Stk11",1309,1749.88888888889,2
"ENSMUSG00000024856","Cdk2ap2",1310,1751,3
"ENSMUSG00000073542","Cep76",1311,1753,2
"ENSMUSG00000042029","Ncapg2",1312,1761.44444444444,4
"ENSMUSG00000047735","Samd9l",1313,1761.5,2
"ENSMUSG00000037902","Sirpa",1314,1771.88888888889,2
"ENSMUSG00000058013","Sept11",1315,1774.75,2
"ENSMUSG00000076437","Selenoh",1316,1778.22222222222,3
"ENSMUSG00000031825","Crispld2",1317,1781.2,2
"ENSMUSG00000025314","Ptprj",1318,1783.44444444444,2
"ENSMUSG00000044934","Zfp367",1319,1786.125,3
"ENSMUSG00000027327","1700037H04Rik",1320,1788.55555555556,2
"ENSMUSG00000028053","Ash1l",1321,1792.85714285714,3
"ENSMUSG00000032085","Tagln",1322,1794.625,3
"ENSMUSG00000076937","Iglc2",1323,1796.55555555556,4
"ENSMUSG00000059495","Arhgef12",1324,1799.88888888889,2
"ENSMUSG00000051457","Spn",1325,1800.44444444444,2
"ENSMUSG00000026155","Smap1",1326,1802.22222222222,2
"ENSMUSG00000049866","Arl4c",1327,1802.85714285714,3
"ENSMUSG00000041459","Tardbp",1328,1802.88888888889,2
"ENSMUSG00000040459","Arglu1",1329,1805.77777777778,3
"ENSMUSG00000005233","Spc25",1330,1806.44444444444,3
"ENSMUSG00000032397","Tipin",1331,1807.66666666667,3
"ENSMUSG00000024851","Pitpnm1",1332,1815.66666666667,3
"ENSMUSG00000052712","BC004004",1333,1817.88888888889,2
"ENSMUSG00000021546","Hnrnpk",1334,1821.88888888889,2
"ENSMUSG00000031024","St5",1335,1827.66666666667,2
"ENSMUSG00000024777","Ppp2r5b",1336,1827.77777777778,3
"ENSMUSG00000052384","Nrros",1337,1830.33333333333,2
"ENSMUSG00000045680","Tcf21",1338,1838.22222222222,2
"ENSMUSG00000030727","Rabep2",1339,1838.33333333333,2
"ENSMUSG00000025613","Cct8",1340,1839.44444444444,2
"ENSMUSG00000059895","Ptp4a3",1341,1840.44444444444,2
"ENSMUSG00000068039","Tcp1",1342,1844.11111111111,2
"ENSMUSG00000042404","Dennd4b",1343,1844.55555555556,2
"ENSMUSG00000028410","Dnaja1",1344,1858.33333333333,3
"ENSMUSG00000028207","Asph",1345,1865.75,3
"ENSMUSG00000026605","Cenpf",1346,1868.44444444444,2
"ENSMUSG00000046718","Bst2",1347,1869.44444444444,2
"ENSMUSG00000033327","Tnxb",1349,1882.33333333333,3
"ENSMUSG00000030413","Pglyrp1",1350,1884.33333333333,4
"ENSMUSG00000021910","Nisch",1351,1889.77777777778,3
"ENSMUSG00000053838","Nudcd3",1352,1890.75,3
"ENSMUSG00000050241","Klre1",1353,1891.55555555556,3
"ENSMUSG00000020601","Trib2",1354,1893,2
"ENSMUSG00000026208","Des",1355,1894.5,2
"ENSMUSG00000020400","Tnip1",1356,1894.88888888889,2
"ENSMUSG00000090394","4930523C07Rik",1357,1897.22222222222,2
"ENSMUSG00000028760","Eif4g3",1358,1902.33333333333,2
"ENSMUSG00000074884","Serf2",1359,1903.22222222222,4
"ENSMUSG00000078652","Psme3",1360,1912.88888888889,3
"ENSMUSG00000091337","Eid1",1361,1914.66666666667,2
"ENSMUSG00000033952","Aspm",1362,1916,2
"ENSMUSG00000007815","Rhoa",1363,1919.44444444444,2
"ENSMUSG00000037965","Zc3h7a",1364,1921.11111111111,2
"ENSMUSG00000005800","Mmp8",1365,1923,3
"ENSMUSG00000057729","Prtn3",1366,1924.66666666667,4
"ENSMUSG00000032038","St3gal4",1367,1926.55555555556,2
"ENSMUSG00000061286","Exosc5",1368,1935.77777777778,2
"ENSMUSG00000028195","Ccn1",1369,1943,2
"ENSMUSG00000020091","Eif4ebp2",1371,1953.66666666667,2
"ENSMUSG00000004319","Clcn3",1372,1958.33333333333,2
"ENSMUSG00000020994","Pnn",1373,1959.55555555556,2
"ENSMUSG00000035783","Acta2",1374,1963.125,2
"ENSMUSG00000024949","Sf1",1375,1965.55555555556,2
"ENSMUSG00000023845","Lnpep",1376,1969.44444444444,3
"ENSMUSG00000096472","Cdkn2d",1377,1971.33333333333,2
"ENSMUSG00000020758","Itgb4",1378,1979.6,2
"ENSMUSG00000026193","Fn1",1379,1982.22222222222,3
"ENSMUSG00000044534","Ackr2",1380,1992.57142857143,2
"ENSMUSG00000030677","Kif22",1381,1993.33333333333,2
"ENSMUSG00000002020","Ltbp2",1382,1995.5,3
"ENSMUSG00000035021","Baz1a",1383,2007.44444444444,2
"ENSMUSG00000019437","Tlcd1",1384,2007.66666666667,3
"ENSMUSG00000034064","Poglut1",1385,2011.33333333333,2
"ENSMUSG00000027187","Cat",1386,2013.44444444444,2
"ENSMUSG00000023150","Ivns1abp",1387,2016.55555555556,2
"ENSMUSG00000024997","Prdx3",1388,2030.33333333333,2
"ENSMUSG00000018932","Map2k3",1389,2031.22222222222,2
"ENSMUSG00000027177","Hipk3",1390,2035.375,3
"ENSMUSG00000021196","Pfkp",1391,2037.44444444444,2
"ENSMUSG00000021714","Cenpk",1392,2044.77777777778,3
"ENSMUSG00000069662","Marcks",1393,2045.55555555556,2
"ENSMUSG00000040152","Thbs1",1394,2045.75,3
"ENSMUSG00000020850","Prpf8",1395,2061.77777777778,2
"ENSMUSG00000024048","Myl12a",1396,2065.33333333333,2
"ENSMUSG00000013858","Tmem259",1397,2072.33333333333,2
"ENSMUSG00000054693","Adam10",1398,2073.22222222222,2
"ENSMUSG00000019158","Tmem160",1399,2075.11111111111,2
"ENSMUSG00000068917","Clk2",1400,2082.77777777778,2
"ENSMUSG00000046805","Mpeg1",1401,2083.66666666667,2
"ENSMUSG00000053044","Cd8b1",1402,2083.85714285714,2
"ENSMUSG00000021485","Mxd3",1403,2085.33333333333,3
"ENSMUSG00000059089","Fcgr4",1404,2086.5,2
"ENSMUSG00000063511","Snrnp70",1405,2093.22222222222,4
"ENSMUSG00000027673","Ndufb5",1406,2100.55555555556,2
"ENSMUSG00000000290","Itgb2",1407,2101,2
"ENSMUSG00000008475","Arpc5",1408,2110.44444444444,3
"ENSMUSG00000028565","Nfia",1409,2112.5,2
"ENSMUSG00000073002","Vamp5",1410,2115.33333333333,2
"ENSMUSG00000024659","Anxa1",1411,2115.44444444444,2
"ENSMUSG00000026571","Dcaf6",1412,2120.66666666667,2
"ENSMUSG00000038733","Wdr26",1413,2138.11111111111,2
"ENSMUSG00000020738","Sumo2",1414,2143.11111111111,2
"ENSMUSG00000003099","Ppp5c",1415,2144.33333333333,3
"ENSMUSG00000003873","Bax",1416,2147.66666666667,2
"ENSMUSG00000020585","Laptm4a",1417,2161.44444444444,2
"ENSMUSG00000053317","Sec61b",1418,2178.66666666667,2
"ENSMUSG00000024925","Rnaseh2c",1419,2179.88888888889,2
"ENSMUSG00000037419","Endod1",1420,2186.88888888889,2
"ENSMUSG00000030579","Tyrobp",1421,2209.55555555556,2
"ENSMUSG00000014599","Csf1",1422,2214,2
"ENSMUSG00000045160","Bola3",1423,2220.66666666667,2
"ENSMUSG00000020368","Canx",1424,2226.55555555556,2
"ENSMUSG00000090553","Snrpe",1425,2230.22222222222,2
"ENSMUSG00000044573","Acp1",1426,2234,2
"ENSMUSG00000039218","Srrm2",1427,2234.66666666667,2
"ENSMUSG00000002329","Mdp1",1428,2256.33333333333,2
"ENSMUSG00000037095","Lrg1",1429,2257.5,2
"ENSMUSG00000028066","Pmf1",1430,2260.33333333333,2
"ENSMUSG00000031537","Ikbkb",1431,2262.44444444444,2
"ENSMUSG00000058704","Memo1",1432,2262.88888888889,3
"ENSMUSG00000001348","Acp5",1433,2264,2
"ENSMUSG00000035545","Leng8",1434,2270.66666666667,2
"ENSMUSG00000051811","Cox6b2",1435,2295.11111111111,2
"ENSMUSG00000051391","Ywhag",1436,2295.44444444444,2
"ENSMUSG00000001119","Col6a1",1437,2299,2
"ENSMUSG00000019359","Gdpd2",1438,2300.55555555556,2
"ENSMUSG00000027883","Gpsm2",1439,2302.88888888889,2
"ENSMUSG00000037058","Paip2",1440,2306.55555555556,2
"ENSMUSG00000026667","Uhmk1",1441,2307.44444444444,2
"ENSMUSG00000029366","Dck",1442,2316.44444444444,2
"ENSMUSG00000046229","Scand1",1443,2322.11111111111,2
"ENSMUSG00000020330","Hmmr",1444,2337.22222222222,2
"ENSMUSG00000021728","Emb",1445,2342.28571428571,2
"ENSMUSG00000051586","Mical3",1446,2353,2
"ENSMUSG00000041560","Nop53",1447,2390.77777777778,2
"ENSMUSG00000022710","Usp7",1448,2425.11111111111,2
"ENSMUSG00000022629","Kif21a",1449,2430,2
"ENSMUSG00000059534","Uqcr10",1450,2440.55555555556,2
"ENSMUSG00000005442","Cic",1451,2444.66666666667,2
"ENSMUSG00000039997","Ifi203",1452,2450.66666666667,2
"ENSMUSG00000023952","Gtpbp2",1453,2469.22222222222,2
"ENSMUSG00000022623","Shank3",1454,2497,2
"ENSMUSG00000021134","Srsf5",1455,2511.88888888889,2
"ENSMUSG00000051506","Wdfy4",1456,2519.22222222222,2
"ENSMUSG00000062248","Cks2",1457,2520.55555555556,3
"ENSMUSG00000032299","Commd4",1458,2544.88888888889,2
"ENSMUSG00000036873","2410004B18Rik",1459,2547.88888888889,2
"ENSMUSG00000073155","1810058I24Rik",1460,2625.77777777778,2
"ENSMUSG00000023307","March5",1461,2629.22222222222,2
"ENSMUSG00000017707","Serinc3",1462,2629.44444444444,2
"ENSMUSG00000006715","Gmnn",1463,2632.66666666667,2
"ENSMUSG00000027406","Idh3b",1464,2649.33333333333,2
"ENSMUSG00000059108","Ifitm6",1465,2671.4,2
"ENSMUSG00000009907","Vps4b",1466,2700.77777777778,2
"ENSMUSG00000019428","Fkbp8",1467,2768,2
"ENSMUSG00000026879","Gsn",1468,2769.14285714286,2
"ENSMUSG00000057236","Rbbp4",1469,2803.44444444444,2
"ENSMUSG00000022265","Ank",1471,2882.44444444444,2
"ENSMUSG00000032596","Uba7",1472,2891,2
"ENSMUSG00000037072","Selenof",1473,2896,2
"ENSMUSG00000110206","Flt3l",1474,2920.66666666667,2
"ENSMUSG00000034160","Ogt",1476,2934.11111111111,2
"ENSMUSG00000014313","Cox6c",1477,2945.22222222222,2
"ENSMUSG00000025498","Irf7",1478,2960.88888888889,2
"ENSMUSG00000074622","Mafb",1479,2986.44444444444,2
"ENSMUSG00000071172","Srsf3",1480,3020.11111111111,2
"ENSMUSG00000079017","Ifi27l2a",1481,3043,2
"ENSMUSG00000083012","Fam220a",1482,3062.83333333333,2
"ENSMUSG00000024948","Map4k2",1483,3066.44444444444,3
"ENSMUSG00000046179","E2f8",1484,3071.75,2
"ENSMUSG00000055762","Eef1d",1485.5,3084.55555555556,2
"ENSMUSG00000033475","Tomm6",1485.5,3084.55555555556,2
"ENSMUSG00000020894","Vamp2",1487,3102.44444444444,2
"ENSMUSG00000027593","Raly",1488,3140.11111111111,2
"ENSMUSG00000001930","Vwf",1489,3220.16666666667,2
"ENSMUSG00000059796","Eif4a1",1490,3252.11111111111,3
"ENSMUSG00000031659","Adcy7",1491,3291.44444444444,2
"ENSMUSG00000038975","Rabggtb",1492,3299.66666666667,2
"ENSMUSG00000030214","Plbd1",1493,3301.44444444444,2
"ENSMUSG00000073422","H2-Ke6",1494,3397.77777777778,2
"ENSMUSG00000030795","Fus",1495,3632.42857142857,2
"ENSMUSG00000020163","Uqcr11",1496,3700,2
"ENSMUSG00000002477","Snrpd1",1497,3706,2
"ENSMUSG00000021143","Pacs2",1499,3774.44444444444,2
"ENSMUSG00000018707","Dync1h1",1500,3782.22222222222,2
"ENSMUSG00000025138","Sirt7",1501,3789.11111111111,2
"ENSMUSG00000001750","Tcirg1",1502,3901.55555555556,2
"ENSMUSG00000002625","Akap8l",1504,3934.11111111111,2
"ENSMUSG00000001918","Slc1a5",1505,4088,2
"ENSMUSG00000035215","Lsm7",1506,4141.66666666667,2
"ENSMUSG00000052085","Dock8",1507,4167.77777777778,2
"ENSMUSG00000019254","Ppp1r12c",1508.5,4393.33333333333,2
"ENSMUSG00000021606","Ndufs6",1508.5,4393.33333333333,2
"ENSMUSG00000022956","Atp5o",1510,4497.77777777778,2
"ENSMUSG00000025236","Adpgk",1512,4667.55555555556,2
"ENSMUSG00000021290","Atp5mpl",1513,4783.22222222222,2
"ENSMUSG00000079165","Sap25",1514,4785.33333333333,2
"ENSMUSG00000029068","Ccnl2",1515,4848.33333333333,2
"ENSMUSG00000011158","Brf1",1516,4853.77777777778,2
"ENSMUSG00000053907","Mat2a",1517,4941.22222222222,2
"ENSMUSG00000087687","Pet100",1518,5204.44444444444,2
"ENSMUSG00000024169","Ift140",1519,5509.77777777778,2
"ENSMUSG00000035202","Lars2",1521,6152.88888888889,2
